#include "string.h"
#include "./TEXT/text.h"
#include "./BSP/LCD/lcd.h"
#include "./MALLOC/malloc.h"
#include "./SYSTEM/usart/usart.h"
#include "./BSP/NORFLASH/norflash.h"



/* 常用ASCII表
 * 偏移量32
 * ASCII字符集: !"#$%&'()*+,-./0123456789:;<=>?@ABCDEFGHIJKLMNOPQRSTUVWXYZ[\]^_`abcdefghijklmnopqrstuvwxyz{|}~
 * PC2LCD2002取模方式设置：阴码+逐列式+顺向+C51格式
 * 总共：4个字符集（12*12、16*16、24*24、32*32），用户可以自行新增其他分辨率的字符集。
 * 每个字符所占用的字节数为：(size/8+((size%8)?1:0))*(size/2)，其中size是字库生成时的点阵大小(12/16/24/32...)
 */
 /* 12*12 ASCII字符集点阵 */
const unsigned char asc2_1206[95][12] = {
    {0x00, 0x00, 0x00, 0x00, 0x00, 0x00, 0x00, 0x00, 0x00, 0x00, 0x00, 0x00}, /* " ", 0 */
    {0x00, 0x00, 0x00, 0x00, 0x3F, 0x40, 0x00, 0x00, 0x00, 0x00, 0x00, 0x00}, /* "!", 1 */
    {0x00, 0x00, 0x30, 0x00, 0x40, 0x00, 0x30, 0x00, 0x40, 0x00, 0x00, 0x00}, /* """, 2 */
    {0x09, 0x00, 0x0B, 0xC0, 0x3D, 0x00, 0x0B, 0xC0, 0x3D, 0x00, 0x09, 0x00}, /* "#", 3 */
    {0x18, 0xC0, 0x24, 0x40, 0x7F, 0xE0, 0x22, 0x40, 0x31, 0x80, 0x00, 0x00}, /* "$", 4 */
    {0x18, 0x00, 0x24, 0xC0, 0x1B, 0x00, 0x0D, 0x80, 0x32, 0x40, 0x01, 0x80}, /* "%", 5 */
    {0x03, 0x80, 0x1C, 0x40, 0x27, 0x40, 0x1C, 0x80, 0x07, 0x40, 0x00, 0x40}, /* "&", 6 */
    {0x10, 0x00, 0x60, 0x00, 0x00, 0x00, 0x00, 0x00, 0x00, 0x00, 0x00, 0x00}, /* "'", 7 */
    {0x00, 0x00, 0x00, 0x00, 0x00, 0x00, 0x1F, 0x80, 0x20, 0x40, 0x40, 0x20}, /* "(", 8 */
    {0x00, 0x00, 0x40, 0x20, 0x20, 0x40, 0x1F, 0x80, 0x00, 0x00, 0x00, 0x00}, /* ")", 9 */
    {0x09, 0x00, 0x06, 0x00, 0x1F, 0x80, 0x06, 0x00, 0x09, 0x00, 0x00, 0x00}, /* "*", 10 */
    {0x04, 0x00, 0x04, 0x00, 0x3F, 0x80, 0x04, 0x00, 0x04, 0x00, 0x00, 0x00}, /* "+", 11 */
    {0x00, 0x10, 0x00, 0x60, 0x00, 0x00, 0x00, 0x00, 0x00, 0x00, 0x00, 0x00}, /* ",", 12 */
    {0x04, 0x00, 0x04, 0x00, 0x04, 0x00, 0x04, 0x00, 0x04, 0x00, 0x00, 0x00}, /* "-", 13 */
    {0x00, 0x00, 0x00, 0x40, 0x00, 0x00, 0x00, 0x00, 0x00, 0x00, 0x00, 0x00}, /* ".", 14 */
    {0x00, 0x20, 0x01, 0xC0, 0x06, 0x00, 0x38, 0x00, 0x40, 0x00, 0x00, 0x00}, /* "/", 15 */
    {0x1F, 0x80, 0x20, 0x40, 0x20, 0x40, 0x20, 0x40, 0x1F, 0x80, 0x00, 0x00}, /* "0", 16 */
    {0x00, 0x00, 0x10, 0x40, 0x3F, 0xC0, 0x00, 0x40, 0x00, 0x00, 0x00, 0x00}, /* "1", 17 */
    {0x18, 0xC0, 0x21, 0x40, 0x22, 0x40, 0x24, 0x40, 0x18, 0x40, 0x00, 0x00}, /* "2", 18 */
    {0x10, 0x80, 0x20, 0x40, 0x24, 0x40, 0x24, 0x40, 0x1B, 0x80, 0x00, 0x00}, /* "3", 19 */
    {0x02, 0x00, 0x0D, 0x00, 0x11, 0x00, 0x3F, 0xC0, 0x01, 0x40, 0x00, 0x00}, /* "4", 20 */
    {0x3C, 0x80, 0x24, 0x40, 0x24, 0x40, 0x24, 0x40, 0x23, 0x80, 0x00, 0x00}, /* "5", 21 */
    {0x1F, 0x80, 0x24, 0x40, 0x24, 0x40, 0x34, 0x40, 0x03, 0x80, 0x00, 0x00}, /* "6", 22 */
    {0x30, 0x00, 0x20, 0x00, 0x27, 0xC0, 0x38, 0x00, 0x20, 0x00, 0x00, 0x00}, /* "7", 23 */
    {0x1B, 0x80, 0x24, 0x40, 0x24, 0x40, 0x24, 0x40, 0x1B, 0x80, 0x00, 0x00}, /* "8", 24 */
    {0x1C, 0x00, 0x22, 0xC0, 0x22, 0x40, 0x22, 0x40, 0x1F, 0x80, 0x00, 0x00}, /* "9", 25 */
    {0x00, 0x00, 0x00, 0x00, 0x08, 0x40, 0x00, 0x00, 0x00, 0x00, 0x00, 0x00}, /* ":", 26 */
    {0x00, 0x00, 0x00, 0x00, 0x04, 0x60, 0x00, 0x00, 0x00, 0x00, 0x00, 0x00}, /* ";", 27 */
    {0x00, 0x00, 0x04, 0x00, 0x0A, 0x00, 0x11, 0x00, 0x20, 0x80, 0x40, 0x40}, /* "<", 28 */
    {0x09, 0x00, 0x09, 0x00, 0x09, 0x00, 0x09, 0x00, 0x09, 0x00, 0x00, 0x00}, /* "=", 29 */
    {0x00, 0x00, 0x40, 0x40, 0x20, 0x80, 0x11, 0x00, 0x0A, 0x00, 0x04, 0x00}, /* ">", 30 */
    {0x18, 0x00, 0x20, 0x00, 0x23, 0x40, 0x24, 0x00, 0x18, 0x00, 0x00, 0x00}, /* "?", 31 */
    {0x1F, 0x80, 0x20, 0x40, 0x27, 0x40, 0x29, 0x40, 0x1F, 0x40, 0x00, 0x00}, /* "@", 32 */
    {0x00, 0x40, 0x07, 0xC0, 0x39, 0x00, 0x0F, 0x00, 0x01, 0xC0, 0x00, 0x40}, /* "A", 33 */
    {0x20, 0x40, 0x3F, 0xC0, 0x24, 0x40, 0x24, 0x40, 0x1B, 0x80, 0x00, 0x00}, /* "B", 34 */
    {0x1F, 0x80, 0x20, 0x40, 0x20, 0x40, 0x20, 0x40, 0x30, 0x80, 0x00, 0x00}, /* "C", 35 */
    {0x20, 0x40, 0x3F, 0xC0, 0x20, 0x40, 0x20, 0x40, 0x1F, 0x80, 0x00, 0x00}, /* "D", 36 */
    {0x20, 0x40, 0x3F, 0xC0, 0x24, 0x40, 0x2E, 0x40, 0x30, 0xC0, 0x00, 0x00}, /* "E", 37 */
    {0x20, 0x40, 0x3F, 0xC0, 0x24, 0x40, 0x2E, 0x00, 0x30, 0x00, 0x00, 0x00}, /* "F", 38 */
    {0x0F, 0x00, 0x10, 0x80, 0x20, 0x40, 0x22, 0x40, 0x33, 0x80, 0x02, 0x00}, /* "G", 39 */
    {0x20, 0x40, 0x3F, 0xC0, 0x04, 0x00, 0x04, 0x00, 0x3F, 0xC0, 0x20, 0x40}, /* "H", 40 */
    {0x20, 0x40, 0x20, 0x40, 0x3F, 0xC0, 0x20, 0x40, 0x20, 0x40, 0x00, 0x00}, /* "I", 41 */
    {0x00, 0x60, 0x20, 0x20, 0x20, 0x20, 0x3F, 0xC0, 0x20, 0x00, 0x20, 0x00}, /* "J", 42 */
    {0x20, 0x40, 0x3F, 0xC0, 0x24, 0x40, 0x0B, 0x00, 0x30, 0xC0, 0x20, 0x40}, /* "K", 43 */
    {0x20, 0x40, 0x3F, 0xC0, 0x20, 0x40, 0x00, 0x40, 0x00, 0x40, 0x00, 0xC0}, /* "L", 44 */
    {0x3F, 0xC0, 0x3C, 0x00, 0x03, 0xC0, 0x3C, 0x00, 0x3F, 0xC0, 0x00, 0x00}, /* "M", 45 */
    {0x20, 0x40, 0x3F, 0xC0, 0x0C, 0x40, 0x23, 0x00, 0x3F, 0xC0, 0x20, 0x00}, /* "N", 46 */
    {0x1F, 0x80, 0x20, 0x40, 0x20, 0x40, 0x20, 0x40, 0x1F, 0x80, 0x00, 0x00}, /* "O", 47 */
    {0x20, 0x40, 0x3F, 0xC0, 0x24, 0x40, 0x24, 0x00, 0x18, 0x00, 0x00, 0x00}, /* "P", 48 */
    {0x1F, 0x80, 0x21, 0x40, 0x21, 0x40, 0x20, 0xE0, 0x1F, 0xA0, 0x00, 0x00}, /* "Q", 49 */
    {0x20, 0x40, 0x3F, 0xC0, 0x24, 0x40, 0x26, 0x00, 0x19, 0xC0, 0x00, 0x40}, /* "R", 50 */
    {0x18, 0xC0, 0x24, 0x40, 0x24, 0x40, 0x22, 0x40, 0x31, 0x80, 0x00, 0x00}, /* "S", 51 */
    {0x30, 0x00, 0x20, 0x40, 0x3F, 0xC0, 0x20, 0x40, 0x30, 0x00, 0x00, 0x00}, /* "T", 52 */
    {0x20, 0x00, 0x3F, 0x80, 0x00, 0x40, 0x00, 0x40, 0x3F, 0x80, 0x20, 0x00}, /* "U", 53 */
    {0x20, 0x00, 0x3E, 0x00, 0x01, 0xC0, 0x07, 0x00, 0x38, 0x00, 0x20, 0x00}, /* "V", 54 */
    {0x38, 0x00, 0x07, 0xC0, 0x3C, 0x00, 0x07, 0xC0, 0x38, 0x00, 0x00, 0x00}, /* "W", 55 */
    {0x20, 0x40, 0x39, 0xC0, 0x06, 0x00, 0x39, 0xC0, 0x20, 0x40, 0x00, 0x00}, /* "X", 56 */
    {0x20, 0x00, 0x38, 0x40, 0x07, 0xC0, 0x38, 0x40, 0x20, 0x00, 0x00, 0x00}, /* "Y", 57 */
    {0x30, 0x40, 0x21, 0xC0, 0x26, 0x40, 0x38, 0x40, 0x20, 0xC0, 0x00, 0x00}, /* "Z", 58 */
    {0x00, 0x00, 0x00, 0x00, 0x7F, 0xE0, 0x40, 0x20, 0x40, 0x20, 0x00, 0x00}, /* "[", 59 */
    {0x00, 0x00, 0x70, 0x00, 0x0C, 0x00, 0x03, 0x80, 0x00, 0x40, 0x00, 0x00}, /* "\", 60 */
    {0x00, 0x00, 0x40, 0x20, 0x40, 0x20, 0x7F, 0xE0, 0x00, 0x00, 0x00, 0x00}, /* "]", 61 */
    {0x00, 0x00, 0x20, 0x00, 0x40, 0x00, 0x20, 0x00, 0x00, 0x00, 0x00, 0x00}, /* "^", 62 */
    {0x00, 0x10, 0x00, 0x10, 0x00, 0x10, 0x00, 0x10, 0x00, 0x10, 0x00, 0x10}, /* "_", 63 */
    {0x00, 0x00, 0x00, 0x00, 0x40, 0x00, 0x00, 0x00, 0x00, 0x00, 0x00, 0x00}, /* "`", 64 */
    {0x00, 0x00, 0x02, 0x80, 0x05, 0x40, 0x05, 0x40, 0x03, 0xC0, 0x00, 0x40}, /* "a", 65 */
    {0x20, 0x00, 0x3F, 0xC0, 0x04, 0x40, 0x04, 0x40, 0x03, 0x80, 0x00, 0x00}, /* "b", 66 */
    {0x00, 0x00, 0x03, 0x80, 0x04, 0x40, 0x04, 0x40, 0x06, 0x40, 0x00, 0x00}, /* "c", 67 */
    {0x00, 0x00, 0x03, 0x80, 0x04, 0x40, 0x24, 0x40, 0x3F, 0xC0, 0x00, 0x40}, /* "d", 68 */
    {0x00, 0x00, 0x03, 0x80, 0x05, 0x40, 0x05, 0x40, 0x03, 0x40, 0x00, 0x00}, /* "e", 69 */
    {0x00, 0x00, 0x04, 0x40, 0x1F, 0xC0, 0x24, 0x40, 0x24, 0x40, 0x20, 0x00}, /* "f", 70 */
    {0x00, 0x00, 0x02, 0xE0, 0x05, 0x50, 0x05, 0x50, 0x06, 0x50, 0x04, 0x20}, /* "g", 71 */
    {0x20, 0x40, 0x3F, 0xC0, 0x04, 0x40, 0x04, 0x00, 0x03, 0xC0, 0x00, 0x40}, /* "h", 72 */
    {0x00, 0x00, 0x04, 0x40, 0x27, 0xC0, 0x00, 0x40, 0x00, 0x00, 0x00, 0x00}, /* "i", 73 */
    {0x00, 0x10, 0x00, 0x10, 0x04, 0x10, 0x27, 0xE0, 0x00, 0x00, 0x00, 0x00}, /* "j", 74 */
    {0x20, 0x40, 0x3F, 0xC0, 0x01, 0x40, 0x07, 0x00, 0x04, 0xC0, 0x04, 0x40}, /* "k", 75 */
    {0x20, 0x40, 0x20, 0x40, 0x3F, 0xC0, 0x00, 0x40, 0x00, 0x40, 0x00, 0x00}, /* "l", 76 */
    {0x07, 0xC0, 0x04, 0x00, 0x07, 0xC0, 0x04, 0x00, 0x03, 0xC0, 0x00, 0x00}, /* "m", 77 */
    {0x04, 0x40, 0x07, 0xC0, 0x04, 0x40, 0x04, 0x00, 0x03, 0xC0, 0x00, 0x40}, /* "n", 78 */
    {0x00, 0x00, 0x03, 0x80, 0x04, 0x40, 0x04, 0x40, 0x03, 0x80, 0x00, 0x00}, /* "o", 79 */
    {0x04, 0x10, 0x07, 0xF0, 0x04, 0x50, 0x04, 0x40, 0x03, 0x80, 0x00, 0x00}, /* "p", 80 */
    {0x00, 0x00, 0x03, 0x80, 0x04, 0x40, 0x04, 0x50, 0x07, 0xF0, 0x00, 0x10}, /* "q", 81 */
    {0x04, 0x40, 0x07, 0xC0, 0x02, 0x40, 0x04, 0x00, 0x04, 0x00, 0x00, 0x00}, /* "r", 82 */
    {0x00, 0x00, 0x06, 0x40, 0x05, 0x40, 0x05, 0x40, 0x04, 0xC0, 0x00, 0x00}, /* "s", 83 */
    {0x00, 0x00, 0x04, 0x00, 0x1F, 0x80, 0x04, 0x40, 0x00, 0x40, 0x00, 0x00}, /* "t", 84 */
    {0x04, 0x00, 0x07, 0x80, 0x00, 0x40, 0x04, 0x40, 0x07, 0xC0, 0x00, 0x40}, /* "u", 85 */
    {0x04, 0x00, 0x07, 0x00, 0x04, 0xC0, 0x01, 0x80, 0x06, 0x00, 0x04, 0x00}, /* "v", 86 */
    {0x06, 0x00, 0x01, 0xC0, 0x07, 0x00, 0x01, 0xC0, 0x06, 0x00, 0x00, 0x00}, /* "w", 87 */
    {0x04, 0x40, 0x06, 0xC0, 0x01, 0x00, 0x06, 0xC0, 0x04, 0x40, 0x00, 0x00}, /* "x", 88 */
    {0x04, 0x10, 0x07, 0x10, 0x04, 0xE0, 0x01, 0x80, 0x06, 0x00, 0x04, 0x00}, /* "y", 89 */
    {0x00, 0x00, 0x04, 0x40, 0x05, 0xC0, 0x06, 0x40, 0x04, 0x40, 0x00, 0x00}, /* "z", 90 */
    {0x00, 0x00, 0x00, 0x00, 0x04, 0x00, 0x7B, 0xE0, 0x40, 0x20, 0x00, 0x00}, /* "{", 91 */
    {0x00, 0x00, 0x00, 0x00, 0x00, 0x00, 0xFF, 0xF0, 0x00, 0x00, 0x00, 0x00}, /* "|", 92 */
    {0x00, 0x00, 0x40, 0x20, 0x7B, 0xE0, 0x04, 0x00, 0x00, 0x00, 0x00, 0x00}, /* "}", 93 */
    {0x40, 0x00, 0x80, 0x00, 0x40, 0x00, 0x20, 0x00, 0x20, 0x00, 0x40, 0x00}, /* "~", 94 */
};

/* 16*16 ASCII字符集点阵 */
const unsigned char asc2_1608[95][16] = {
    {0x00, 0x00, 0x00, 0x00, 0x00, 0x00, 0x00, 0x00, 0x00, 0x00, 0x00, 0x00, 0x00, 0x00, 0x00, 0x00}, /* " ", 0 */
    {0x00, 0x00, 0x00, 0x00, 0x00, 0x00, 0x1F, 0xCC, 0x00, 0x0C, 0x00, 0x00, 0x00, 0x00, 0x00, 0x00}, /* "!", 1 */
    {0x00, 0x00, 0x08, 0x00, 0x30, 0x00, 0x60, 0x00, 0x08, 0x00, 0x30, 0x00, 0x60, 0x00, 0x00, 0x00}, /* """, 2 */
    {0x02, 0x20, 0x03, 0xFC, 0x1E, 0x20, 0x02, 0x20, 0x03, 0xFC, 0x1E, 0x20, 0x02, 0x20, 0x00, 0x00}, /* "#", 3 */
    {0x00, 0x00, 0x0E, 0x18, 0x11, 0x04, 0x3F, 0xFF, 0x10, 0x84, 0x0C, 0x78, 0x00, 0x00, 0x00, 0x00}, /* "$", 4 */
    {0x0F, 0x00, 0x10, 0x84, 0x0F, 0x38, 0x00, 0xC0, 0x07, 0x78, 0x18, 0x84, 0x00, 0x78, 0x00, 0x00}, /* "%", 5 */
    {0x00, 0x78, 0x0F, 0x84, 0x10, 0xC4, 0x11, 0x24, 0x0E, 0x98, 0x00, 0xE4, 0x00, 0x84, 0x00, 0x08}, /* "&", 6 */
    {0x08, 0x00, 0x68, 0x00, 0x70, 0x00, 0x00, 0x00, 0x00, 0x00, 0x00, 0x00, 0x00, 0x00, 0x00, 0x00}, /* "'", 7 */
    {0x00, 0x00, 0x00, 0x00, 0x00, 0x00, 0x07, 0xE0, 0x18, 0x18, 0x20, 0x04, 0x40, 0x02, 0x00, 0x00}, /* "(", 8 */
    {0x00, 0x00, 0x40, 0x02, 0x20, 0x04, 0x18, 0x18, 0x07, 0xE0, 0x00, 0x00, 0x00, 0x00, 0x00, 0x00}, /* ")", 9 */
    {0x02, 0x40, 0x02, 0x40, 0x01, 0x80, 0x0F, 0xF0, 0x01, 0x80, 0x02, 0x40, 0x02, 0x40, 0x00, 0x00}, /* "*", 10 */
    {0x00, 0x80, 0x00, 0x80, 0x00, 0x80, 0x0F, 0xF8, 0x00, 0x80, 0x00, 0x80, 0x00, 0x80, 0x00, 0x00}, /* "+", 11 */
    {0x00, 0x01, 0x00, 0x0D, 0x00, 0x0E, 0x00, 0x00, 0x00, 0x00, 0x00, 0x00, 0x00, 0x00, 0x00, 0x00}, /* ",", 12 */
    {0x00, 0x00, 0x00, 0x80, 0x00, 0x80, 0x00, 0x80, 0x00, 0x80, 0x00, 0x80, 0x00, 0x80, 0x00, 0x80}, /* "-", 13 */
    {0x00, 0x00, 0x00, 0x0C, 0x00, 0x0C, 0x00, 0x00, 0x00, 0x00, 0x00, 0x00, 0x00, 0x00, 0x00, 0x00}, /* ".", 14 */
    {0x00, 0x00, 0x00, 0x06, 0x00, 0x18, 0x00, 0x60, 0x01, 0x80, 0x06, 0x00, 0x18, 0x00, 0x20, 0x00}, /* "/", 15 */
    {0x00, 0x00, 0x07, 0xF0, 0x08, 0x08, 0x10, 0x04, 0x10, 0x04, 0x08, 0x08, 0x07, 0xF0, 0x00, 0x00}, /* "0", 16 */
    {0x00, 0x00, 0x08, 0x04, 0x08, 0x04, 0x1F, 0xFC, 0x00, 0x04, 0x00, 0x04, 0x00, 0x00, 0x00, 0x00}, /* "1", 17 */
    {0x00, 0x00, 0x0E, 0x0C, 0x10, 0x14, 0x10, 0x24, 0x10, 0x44, 0x11, 0x84, 0x0E, 0x0C, 0x00, 0x00}, /* "2", 18 */
    {0x00, 0x00, 0x0C, 0x18, 0x10, 0x04, 0x11, 0x04, 0x11, 0x04, 0x12, 0x88, 0x0C, 0x70, 0x00, 0x00}, /* "3", 19 */
    {0x00, 0x00, 0x00, 0xE0, 0x03, 0x20, 0x04, 0x24, 0x08, 0x24, 0x1F, 0xFC, 0x00, 0x24, 0x00, 0x00}, /* "4", 20 */
    {0x00, 0x00, 0x1F, 0x98, 0x10, 0x84, 0x11, 0x04, 0x11, 0x04, 0x10, 0x88, 0x10, 0x70, 0x00, 0x00}, /* "5", 21 */
    {0x00, 0x00, 0x07, 0xF0, 0x08, 0x88, 0x11, 0x04, 0x11, 0x04, 0x18, 0x88, 0x00, 0x70, 0x00, 0x00}, /* "6", 22 */
    {0x00, 0x00, 0x1C, 0x00, 0x10, 0x00, 0x10, 0xFC, 0x13, 0x00, 0x1C, 0x00, 0x10, 0x00, 0x00, 0x00}, /* "7", 23 */
    {0x00, 0x00, 0x0E, 0x38, 0x11, 0x44, 0x10, 0x84, 0x10, 0x84, 0x11, 0x44, 0x0E, 0x38, 0x00, 0x00}, /* "8", 24 */
    {0x00, 0x00, 0x07, 0x00, 0x08, 0x8C, 0x10, 0x44, 0x10, 0x44, 0x08, 0x88, 0x07, 0xF0, 0x00, 0x00}, /* "9", 25 */
    {0x00, 0x00, 0x00, 0x00, 0x00, 0x00, 0x03, 0x0C, 0x03, 0x0C, 0x00, 0x00, 0x00, 0x00, 0x00, 0x00}, /* ":", 26 */
    {0x00, 0x00, 0x00, 0x00, 0x00, 0x01, 0x01, 0x06, 0x00, 0x00, 0x00, 0x00, 0x00, 0x00, 0x00, 0x00}, /* ";", 27 */
    {0x00, 0x00, 0x00, 0x80, 0x01, 0x40, 0x02, 0x20, 0x04, 0x10, 0x08, 0x08, 0x10, 0x04, 0x00, 0x00}, /* "<", 28 */
    {0x02, 0x20, 0x02, 0x20, 0x02, 0x20, 0x02, 0x20, 0x02, 0x20, 0x02, 0x20, 0x02, 0x20, 0x00, 0x00}, /* "=", 29 */
    {0x00, 0x00, 0x10, 0x04, 0x08, 0x08, 0x04, 0x10, 0x02, 0x20, 0x01, 0x40, 0x00, 0x80, 0x00, 0x00}, /* ">", 30 */
    {0x00, 0x00, 0x0E, 0x00, 0x12, 0x00, 0x10, 0x0C, 0x10, 0x6C, 0x10, 0x80, 0x0F, 0x00, 0x00, 0x00}, /* "?", 31 */
    {0x03, 0xE0, 0x0C, 0x18, 0x13, 0xE4, 0x14, 0x24, 0x17, 0xC4, 0x08, 0x28, 0x07, 0xD0, 0x00, 0x00}, /* "@", 32 */
    {0x00, 0x04, 0x00, 0x3C, 0x03, 0xC4, 0x1C, 0x40, 0x07, 0x40, 0x00, 0xE4, 0x00, 0x1C, 0x00, 0x04}, /* "A", 33 */
    {0x10, 0x04, 0x1F, 0xFC, 0x11, 0x04, 0x11, 0x04, 0x11, 0x04, 0x0E, 0x88, 0x00, 0x70, 0x00, 0x00}, /* "B", 34 */
    {0x03, 0xE0, 0x0C, 0x18, 0x10, 0x04, 0x10, 0x04, 0x10, 0x04, 0x10, 0x08, 0x1C, 0x10, 0x00, 0x00}, /* "C", 35 */
    {0x10, 0x04, 0x1F, 0xFC, 0x10, 0x04, 0x10, 0x04, 0x10, 0x04, 0x08, 0x08, 0x07, 0xF0, 0x00, 0x00}, /* "D", 36 */
    {0x10, 0x04, 0x1F, 0xFC, 0x11, 0x04, 0x11, 0x04, 0x17, 0xC4, 0x10, 0x04, 0x08, 0x18, 0x00, 0x00}, /* "E", 37 */
    {0x10, 0x04, 0x1F, 0xFC, 0x11, 0x04, 0x11, 0x00, 0x17, 0xC0, 0x10, 0x00, 0x08, 0x00, 0x00, 0x00}, /* "F", 38 */
    {0x03, 0xE0, 0x0C, 0x18, 0x10, 0x04, 0x10, 0x04, 0x10, 0x44, 0x1C, 0x78, 0x00, 0x40, 0x00, 0x00}, /* "G", 39 */
    {0x10, 0x04, 0x1F, 0xFC, 0x10, 0x84, 0x00, 0x80, 0x00, 0x80, 0x10, 0x84, 0x1F, 0xFC, 0x10, 0x04}, /* "H", 40 */
    {0x00, 0x00, 0x10, 0x04, 0x10, 0x04, 0x1F, 0xFC, 0x10, 0x04, 0x10, 0x04, 0x00, 0x00, 0x00, 0x00}, /* "I", 41 */
    {0x00, 0x03, 0x00, 0x01, 0x10, 0x01, 0x10, 0x01, 0x1F, 0xFE, 0x10, 0x00, 0x10, 0x00, 0x00, 0x00}, /* "J", 42 */
    {0x10, 0x04, 0x1F, 0xFC, 0x11, 0x04, 0x03, 0x80, 0x14, 0x64, 0x18, 0x1C, 0x10, 0x04, 0x00, 0x00}, /* "K", 43 */
    {0x10, 0x04, 0x1F, 0xFC, 0x10, 0x04, 0x00, 0x04, 0x00, 0x04, 0x00, 0x04, 0x00, 0x0C, 0x00, 0x00}, /* "L", 44 */
    {0x10, 0x04, 0x1F, 0xFC, 0x1F, 0x00, 0x00, 0xFC, 0x1F, 0x00, 0x1F, 0xFC, 0x10, 0x04, 0x00, 0x00}, /* "M", 45 */
    {0x10, 0x04, 0x1F, 0xFC, 0x0C, 0x04, 0x03, 0x00, 0x00, 0xE0, 0x10, 0x18, 0x1F, 0xFC, 0x10, 0x00}, /* "N", 46 */
    {0x07, 0xF0, 0x08, 0x08, 0x10, 0x04, 0x10, 0x04, 0x10, 0x04, 0x08, 0x08, 0x07, 0xF0, 0x00, 0x00}, /* "O", 47 */
    {0x10, 0x04, 0x1F, 0xFC, 0x10, 0x84, 0x10, 0x80, 0x10, 0x80, 0x10, 0x80, 0x0F, 0x00, 0x00, 0x00}, /* "P", 48 */
    {0x07, 0xF0, 0x08, 0x18, 0x10, 0x24, 0x10, 0x24, 0x10, 0x1C, 0x08, 0x0A, 0x07, 0xF2, 0x00, 0x00}, /* "Q", 49 */
    {0x10, 0x04, 0x1F, 0xFC, 0x11, 0x04, 0x11, 0x00, 0x11, 0xC0, 0x11, 0x30, 0x0E, 0x0C, 0x00, 0x04}, /* "R", 50 */
    {0x00, 0x00, 0x0E, 0x1C, 0x11, 0x04, 0x10, 0x84, 0x10, 0x84, 0x10, 0x44, 0x1C, 0x38, 0x00, 0x00}, /* "S", 51 */
    {0x18, 0x00, 0x10, 0x00, 0x10, 0x04, 0x1F, 0xFC, 0x10, 0x04, 0x10, 0x00, 0x18, 0x00, 0x00, 0x00}, /* "T", 52 */
    {0x10, 0x00, 0x1F, 0xF8, 0x10, 0x04, 0x00, 0x04, 0x00, 0x04, 0x10, 0x04, 0x1F, 0xF8, 0x10, 0x00}, /* "U", 53 */
    {0x10, 0x00, 0x1E, 0x00, 0x11, 0xE0, 0x00, 0x1C, 0x00, 0x70, 0x13, 0x80, 0x1C, 0x00, 0x10, 0x00}, /* "V", 54 */
    {0x1F, 0xC0, 0x10, 0x3C, 0x00, 0xE0, 0x1F, 0x00, 0x00, 0xE0, 0x10, 0x3C, 0x1F, 0xC0, 0x00, 0x00}, /* "W", 55 */
    {0x10, 0x04, 0x18, 0x0C, 0x16, 0x34, 0x01, 0xC0, 0x01, 0xC0, 0x16, 0x34, 0x18, 0x0C, 0x10, 0x04}, /* "X", 56 */
    {0x10, 0x00, 0x1C, 0x00, 0x13, 0x04, 0x00, 0xFC, 0x13, 0x04, 0x1C, 0x00, 0x10, 0x00, 0x00, 0x00}, /* "Y", 57 */
    {0x08, 0x04, 0x10, 0x1C, 0x10, 0x64, 0x10, 0x84, 0x13, 0x04, 0x1C, 0x04, 0x10, 0x18, 0x00, 0x00}, /* "Z", 58 */
    {0x00, 0x00, 0x00, 0x00, 0x00, 0x00, 0x7F, 0xFE, 0x40, 0x02, 0x40, 0x02, 0x40, 0x02, 0x00, 0x00}, /* "[", 59 */
    {0x00, 0x00, 0x30, 0x00, 0x0C, 0x00, 0x03, 0x80, 0x00, 0x60, 0x00, 0x1C, 0x00, 0x03, 0x00, 0x00}, /* "\", 60 */
    {0x00, 0x00, 0x40, 0x02, 0x40, 0x02, 0x40, 0x02, 0x7F, 0xFE, 0x00, 0x00, 0x00, 0x00, 0x00, 0x00}, /* "]", 61 */
    {0x00, 0x00, 0x00, 0x00, 0x20, 0x00, 0x40, 0x00, 0x40, 0x00, 0x40, 0x00, 0x20, 0x00, 0x00, 0x00}, /* "^", 62 */
    {0x00, 0x01, 0x00, 0x01, 0x00, 0x01, 0x00, 0x01, 0x00, 0x01, 0x00, 0x01, 0x00, 0x01, 0x00, 0x01}, /* "_", 63 */
    {0x00, 0x00, 0x40, 0x00, 0x40, 0x00, 0x20, 0x00, 0x00, 0x00, 0x00, 0x00, 0x00, 0x00, 0x00, 0x00}, /* "`", 64 */
    {0x00, 0x00, 0x00, 0x98, 0x01, 0x24, 0x01, 0x44, 0x01, 0x44, 0x01, 0x44, 0x00, 0xFC, 0x00, 0x04}, /* "a", 65 */
    {0x10, 0x00, 0x1F, 0xFC, 0x00, 0x88, 0x01, 0x04, 0x01, 0x04, 0x00, 0x88, 0x00, 0x70, 0x00, 0x00}, /* "b", 66 */
    {0x00, 0x00, 0x00, 0x70, 0x00, 0x88, 0x01, 0x04, 0x01, 0x04, 0x01, 0x04, 0x00, 0x88, 0x00, 0x00}, /* "c", 67 */
    {0x00, 0x00, 0x00, 0x70, 0x00, 0x88, 0x01, 0x04, 0x01, 0x04, 0x11, 0x08, 0x1F, 0xFC, 0x00, 0x04}, /* "d", 68 */
    {0x00, 0x00, 0x00, 0xF8, 0x01, 0x44, 0x01, 0x44, 0x01, 0x44, 0x01, 0x44, 0x00, 0xC8, 0x00, 0x00}, /* "e", 69 */
    {0x00, 0x00, 0x01, 0x04, 0x01, 0x04, 0x0F, 0xFC, 0x11, 0x04, 0x11, 0x04, 0x11, 0x00, 0x18, 0x00}, /* "f", 70 */
    {0x00, 0x00, 0x00, 0xD6, 0x01, 0x29, 0x01, 0x29, 0x01, 0x29, 0x01, 0xC9, 0x01, 0x06, 0x00, 0x00}, /* "g", 71 */
    {0x10, 0x04, 0x1F, 0xFC, 0x00, 0x84, 0x01, 0x00, 0x01, 0x00, 0x01, 0x04, 0x00, 0xFC, 0x00, 0x04}, /* "h", 72 */
    {0x00, 0x00, 0x01, 0x04, 0x19, 0x04, 0x19, 0xFC, 0x00, 0x04, 0x00, 0x04, 0x00, 0x00, 0x00, 0x00}, /* "i", 73 */
    {0x00, 0x00, 0x00, 0x03, 0x00, 0x01, 0x01, 0x01, 0x19, 0x01, 0x19, 0xFE, 0x00, 0x00, 0x00, 0x00}, /* "j", 74 */
    {0x10, 0x04, 0x1F, 0xFC, 0x00, 0x24, 0x00, 0x40, 0x01, 0xB4, 0x01, 0x0C, 0x01, 0x04, 0x00, 0x00}, /* "k", 75 */
    {0x00, 0x00, 0x10, 0x04, 0x10, 0x04, 0x1F, 0xFC, 0x00, 0x04, 0x00, 0x04, 0x00, 0x00, 0x00, 0x00}, /* "l", 76 */
    {0x01, 0x04, 0x01, 0xFC, 0x01, 0x04, 0x01, 0x00, 0x01, 0xFC, 0x01, 0x04, 0x01, 0x00, 0x00, 0xFC}, /* "m", 77 */
    {0x01, 0x04, 0x01, 0xFC, 0x00, 0x84, 0x01, 0x00, 0x01, 0x00, 0x01, 0x04, 0x00, 0xFC, 0x00, 0x04}, /* "n", 78 */
    {0x00, 0x00, 0x00, 0xF8, 0x01, 0x04, 0x01, 0x04, 0x01, 0x04, 0x01, 0x04, 0x00, 0xF8, 0x00, 0x00}, /* "o", 79 */
    {0x01, 0x01, 0x01, 0xFF, 0x00, 0x85, 0x01, 0x04, 0x01, 0x04, 0x00, 0x88, 0x00, 0x70, 0x00, 0x00}, /* "p", 80 */
    {0x00, 0x00, 0x00, 0x70, 0x00, 0x88, 0x01, 0x04, 0x01, 0x04, 0x01, 0x05, 0x01, 0xFF, 0x00, 0x01}, /* "q", 81 */
    {0x01, 0x04, 0x01, 0x04, 0x01, 0xFC, 0x00, 0x84, 0x01, 0x04, 0x01, 0x00, 0x01, 0x80, 0x00, 0x00}, /* "r", 82 */
    {0x00, 0x00, 0x00, 0xCC, 0x01, 0x24, 0x01, 0x24, 0x01, 0x24, 0x01, 0x24, 0x01, 0x98, 0x00, 0x00}, /* "s", 83 */
    {0x00, 0x00, 0x01, 0x00, 0x01, 0x00, 0x07, 0xF8, 0x01, 0x04, 0x01, 0x04, 0x00, 0x00, 0x00, 0x00}, /* "t", 84 */
    {0x01, 0x00, 0x01, 0xF8, 0x00, 0x04, 0x00, 0x04, 0x00, 0x04, 0x01, 0x08, 0x01, 0xFC, 0x00, 0x04}, /* "u", 85 */
    {0x01, 0x00, 0x01, 0x80, 0x01, 0x70, 0x00, 0x0C, 0x00, 0x10, 0x01, 0x60, 0x01, 0x80, 0x01, 0x00}, /* "v", 86 */
    {0x01, 0xF0, 0x01, 0x0C, 0x00, 0x30, 0x01, 0xC0, 0x00, 0x30, 0x01, 0x0C, 0x01, 0xF0, 0x01, 0x00}, /* "w", 87 */
    {0x00, 0x00, 0x01, 0x04, 0x01, 0x8C, 0x00, 0x74, 0x01, 0x70, 0x01, 0x8C, 0x01, 0x04, 0x00, 0x00}, /* "x", 88 */
    {0x01, 0x01, 0x01, 0x81, 0x01, 0x71, 0x00, 0x0E, 0x00, 0x18, 0x01, 0x60, 0x01, 0x80, 0x01, 0x00}, /* "y", 89 */
    {0x00, 0x00, 0x01, 0x84, 0x01, 0x0C, 0x01, 0x34, 0x01, 0x44, 0x01, 0x84, 0x01, 0x0C, 0x00, 0x00}, /* "z", 90 */
    {0x00, 0x00, 0x00, 0x00, 0x00, 0x00, 0x00, 0x00, 0x01, 0x00, 0x3E, 0xFC, 0x40, 0x02, 0x40, 0x02}, /* "{", 91 */
    {0x00, 0x00, 0x00, 0x00, 0x00, 0x00, 0x00, 0x00, 0xFF, 0xFF, 0x00, 0x00, 0x00, 0x00, 0x00, 0x00}, /* "|", 92 */
    {0x00, 0x00, 0x40, 0x02, 0x40, 0x02, 0x3E, 0xFC, 0x01, 0x00, 0x00, 0x00, 0x00, 0x00, 0x00, 0x00}, /* "}", 93 */
    {0x00, 0x00, 0x60, 0x00, 0x80, 0x00, 0x80, 0x00, 0x40, 0x00, 0x40, 0x00, 0x20, 0x00, 0x20, 0x00}, /* "~", 94 */
};


/* 24*24 ASCII字符集点阵 */
const unsigned char asc2_2412[95][36] = {
    {0x00, 0x00, 0x00, 0x00, 0x00, 0x00, 0x00, 0x00, 0x00, 0x00, 0x00, 0x00, 0x00, 0x00, 0x00, 0x00, 0x00, 0x00, 0x00, 0x00, 0x00, 0x00, 0x00, 0x00, 0x00, 0x00, 0x00, 0x00, 0x00, 0x00, 0x00, 0x00, 0x00, 0x00, 0x00, 0x00}, /* " ", 0 */
    {0x00, 0x00, 0x00, 0x00, 0x00, 0x00, 0x00, 0x00, 0x00, 0x00, 0x00, 0x00, 0x00, 0x00, 0x00, 0x0F, 0x80, 0x38, 0x0F, 0xFE, 0x38, 0x0F, 0x80, 0x38, 0x00, 0x00, 0x00, 0x00, 0x00, 0x00, 0x00, 0x00, 0x00, 0x00, 0x00, 0x00}, /* "!", 1 */
    {0x00, 0x00, 0x00, 0x00, 0x00, 0x00, 0x01, 0x00, 0x00, 0x06, 0x00, 0x00, 0x0C, 0x00, 0x00, 0x38, 0x00, 0x00, 0x31, 0x00, 0x00, 0x06, 0x00, 0x00, 0x0C, 0x00, 0x00, 0x38, 0x00, 0x00, 0x30, 0x00, 0x00, 0x00, 0x00, 0x00}, /* """, 2 */
    {0x00, 0x00, 0x00, 0x00, 0x61, 0x80, 0x00, 0x67, 0xF8, 0x07, 0xF9, 0x80, 0x00, 0x61, 0x80, 0x00, 0x61, 0x80, 0x00, 0x61, 0x80, 0x00, 0x61, 0x80, 0x00, 0x67, 0xF8, 0x07, 0xF9, 0x80, 0x00, 0x61, 0x80, 0x00, 0x00, 0x00}, /* "#", 3 */
    {0x00, 0x00, 0x00, 0x00, 0x00, 0x00, 0x01, 0xC0, 0xE0, 0x03, 0xE0, 0xF0, 0x06, 0x30, 0x08, 0x04, 0x18, 0x08, 0x1F, 0xFF, 0xFE, 0x04, 0x0E, 0x08, 0x07, 0x87, 0xF0, 0x03, 0x81, 0xE0, 0x00, 0x00, 0x00, 0x00, 0x00, 0x00}, /* "$", 4 */
    {0x01, 0xF0, 0x00, 0x06, 0x0C, 0x00, 0x04, 0x04, 0x08, 0x06, 0x0C, 0x70, 0x01, 0xF9, 0xC0, 0x00, 0x0E, 0x00, 0x00, 0x3B, 0xE0, 0x00, 0xEC, 0x18, 0x07, 0x08, 0x08, 0x04, 0x0C, 0x18, 0x00, 0x03, 0xE0, 0x00, 0x00, 0x00}, /* "%", 5 */
    {0x00, 0x01, 0xE0, 0x00, 0x07, 0xF0, 0x03, 0xF8, 0x18, 0x04, 0x1C, 0x08, 0x04, 0x17, 0x08, 0x07, 0xE1, 0xD0, 0x03, 0xC0, 0xE0, 0x00, 0x23, 0xB0, 0x00, 0x3C, 0x08, 0x00, 0x20, 0x08, 0x00, 0x00, 0x10, 0x00, 0x00, 0x00}, /* "&", 6 */
    {0x00, 0x00, 0x00, 0x01, 0x00, 0x00, 0x31, 0x00, 0x00, 0x32, 0x00, 0x00, 0x1C, 0x00, 0x00, 0x00, 0x00, 0x00, 0x00, 0x00, 0x00, 0x00, 0x00, 0x00, 0x00, 0x00, 0x00, 0x00, 0x00, 0x00, 0x00, 0x00, 0x00, 0x00, 0x00, 0x00}, /* "'", 7 */
    {0x00, 0x00, 0x00, 0x00, 0x00, 0x00, 0x00, 0x00, 0x00, 0x00, 0x00, 0x00, 0x00, 0x00, 0x00, 0x00, 0x7F, 0x00, 0x01, 0xFF, 0xC0, 0x07, 0x80, 0xF0, 0x0C, 0x00, 0x18, 0x10, 0x00, 0x04, 0x20, 0x00, 0x02, 0x00, 0x00, 0x00}, /* "(", 8 */
    {0x00, 0x00, 0x00, 0x20, 0x00, 0x02, 0x10, 0x00, 0x04, 0x0C, 0x00, 0x18, 0x07, 0x80, 0xF0, 0x01, 0xFF, 0xC0, 0x00, 0x7F, 0x00, 0x00, 0x00, 0x00, 0x00, 0x00, 0x00, 0x00, 0x00, 0x00, 0x00, 0x00, 0x00, 0x00, 0x00, 0x00}, /* ")", 9 */
    {0x00, 0x00, 0x00, 0x00, 0x42, 0x00, 0x00, 0x66, 0x00, 0x00, 0x66, 0x00, 0x00, 0x3C, 0x00, 0x00, 0x18, 0x00, 0x03, 0xFF, 0xC0, 0x00, 0x18, 0x00, 0x00, 0x3C, 0x00, 0x00, 0x66, 0x00, 0x00, 0x66, 0x00, 0x00, 0x42, 0x00}, /* "*", 10 */
    {0x00, 0x00, 0x00, 0x00, 0x08, 0x00, 0x00, 0x08, 0x00, 0x00, 0x08, 0x00, 0x00, 0x08, 0x00, 0x00, 0x08, 0x00, 0x01, 0xFF, 0xC0, 0x00, 0x08, 0x00, 0x00, 0x08, 0x00, 0x00, 0x08, 0x00, 0x00, 0x08, 0x00, 0x00, 0x08, 0x00}, /* "+", 11 */
    {0x00, 0x00, 0x00, 0x00, 0x00, 0x01, 0x00, 0x00, 0x31, 0x00, 0x00, 0x32, 0x00, 0x00, 0x1C, 0x00, 0x00, 0x00, 0x00, 0x00, 0x00, 0x00, 0x00, 0x00, 0x00, 0x00, 0x00, 0x00, 0x00, 0x00, 0x00, 0x00, 0x00, 0x00, 0x00, 0x00}, /* ",", 12 */
    {0x00, 0x00, 0x00, 0x00, 0x08, 0x00, 0x00, 0x08, 0x00, 0x00, 0x08, 0x00, 0x00, 0x08, 0x00, 0x00, 0x08, 0x00, 0x00, 0x08, 0x00, 0x00, 0x08, 0x00, 0x00, 0x08, 0x00, 0x00, 0x08, 0x00, 0x00, 0x08, 0x00, 0x00, 0x00, 0x00}, /* "-", 13 */
    {0x00, 0x00, 0x00, 0x00, 0x00, 0x00, 0x00, 0x00, 0x38, 0x00, 0x00, 0x38, 0x00, 0x00, 0x38, 0x00, 0x00, 0x00, 0x00, 0x00, 0x00, 0x00, 0x00, 0x00, 0x00, 0x00, 0x00, 0x00, 0x00, 0x00, 0x00, 0x00, 0x00, 0x00, 0x00, 0x00}, /* ".", 14 */
    {0x00, 0x00, 0x00, 0x00, 0x00, 0x06, 0x00, 0x00, 0x1C, 0x00, 0x00, 0x70, 0x00, 0x01, 0x80, 0x00, 0x0E, 0x00, 0x00, 0x38, 0x00, 0x00, 0xC0, 0x00, 0x07, 0x00, 0x00, 0x1C, 0x00, 0x00, 0x30, 0x00, 0x00, 0x00, 0x00, 0x00}, /* "/", 15 */
    {0x00, 0x00, 0x00, 0x00, 0x7F, 0x80, 0x01, 0xFF, 0xE0, 0x03, 0x80, 0x70, 0x06, 0x00, 0x18, 0x04, 0x00, 0x08, 0x04, 0x00, 0x08, 0x06, 0x00, 0x18, 0x03, 0x80, 0x70, 0x01, 0xFF, 0xE0, 0x00, 0x7F, 0x80, 0x00, 0x00, 0x00}, /* "0", 16 */
    {0x00, 0x00, 0x00, 0x00, 0x00, 0x00, 0x01, 0x00, 0x08, 0x01, 0x00, 0x08, 0x01, 0x00, 0x08, 0x03, 0xFF, 0xF8, 0x07, 0xFF, 0xF8, 0x00, 0x00, 0x08, 0x00, 0x00, 0x08, 0x00, 0x00, 0x08, 0x00, 0x00, 0x00, 0x00, 0x00, 0x00}, /* "1", 17 */
    {0x00, 0x00, 0x00, 0x01, 0xC0, 0x38, 0x02, 0xC0, 0x58, 0x04, 0x00, 0x98, 0x04, 0x01, 0x18, 0x04, 0x02, 0x18, 0x04, 0x04, 0x18, 0x06, 0x1C, 0x18, 0x03, 0xF8, 0x18, 0x01, 0xE0, 0xF8, 0x00, 0x00, 0x00, 0x00, 0x00, 0x00}, /* "2", 18 */
    {0x00, 0x00, 0x00, 0x01, 0xC0, 0xE0, 0x03, 0xC0, 0xF0, 0x04, 0x00, 0x08, 0x04, 0x08, 0x08, 0x04, 0x08, 0x08, 0x06, 0x18, 0x08, 0x03, 0xF4, 0x18, 0x01, 0xE7, 0xF0, 0x00, 0x01, 0xE0, 0x00, 0x00, 0x00, 0x00, 0x00, 0x00}, /* "3", 19 */
    {0x00, 0x00, 0x00, 0x00, 0x03, 0x00, 0x00, 0x0D, 0x00, 0x00, 0x11, 0x00, 0x00, 0x61, 0x00, 0x00, 0x81, 0x08, 0x03, 0x01, 0x08, 0x07, 0xFF, 0xF8, 0x0F, 0xFF, 0xF8, 0x00, 0x01, 0x08, 0x00, 0x01, 0x08, 0x00, 0x00, 0x00}, /* "4", 20 */
    {0x00, 0x00, 0x00, 0x00, 0x00, 0xE0, 0x07, 0xFC, 0xD0, 0x06, 0x08, 0x08, 0x06, 0x10, 0x08, 0x06, 0x10, 0x08, 0x06, 0x10, 0x08, 0x06, 0x18, 0x38, 0x06, 0x0F, 0xF0, 0x06, 0x07, 0xC0, 0x00, 0x00, 0x00, 0x00, 0x00, 0x00}, /* "5", 21 */
    {0x00, 0x00, 0x00, 0x00, 0x3F, 0x80, 0x01, 0xFF, 0xE0, 0x03, 0x84, 0x30, 0x02, 0x08, 0x18, 0x04, 0x10, 0x08, 0x04, 0x10, 0x08, 0x04, 0x10, 0x08, 0x07, 0x18, 0x10, 0x03, 0x0F, 0xF0, 0x00, 0x07, 0xC0, 0x00, 0x00, 0x00}, /* "6", 22 */
    {0x00, 0x00, 0x00, 0x00, 0x00, 0x00, 0x03, 0xC0, 0x00, 0x07, 0x00, 0x00, 0x06, 0x00, 0x00, 0x06, 0x00, 0xF8, 0x06, 0x07, 0xF8, 0x06, 0x18, 0x00, 0x06, 0xE0, 0x00, 0x07, 0x00, 0x00, 0x06, 0x00, 0x00, 0x00, 0x00, 0x00}, /* "7", 23 */
    {0x00, 0x00, 0x00, 0x01, 0xE1, 0xE0, 0x03, 0xF7, 0xF0, 0x06, 0x34, 0x10, 0x04, 0x18, 0x08, 0x04, 0x18, 0x08, 0x04, 0x0C, 0x08, 0x04, 0x0C, 0x08, 0x06, 0x16, 0x18, 0x03, 0xF3, 0xF0, 0x01, 0xC1, 0xE0, 0x00, 0x00, 0x00}, /* "8", 24 */
    {0x00, 0x00, 0x00, 0x00, 0xF8, 0x00, 0x03, 0xFC, 0x30, 0x03, 0x06, 0x38, 0x04, 0x02, 0x08, 0x04, 0x02, 0x08, 0x04, 0x02, 0x08, 0x04, 0x04, 0x10, 0x03, 0x08, 0xF0, 0x01, 0xFF, 0xC0, 0x00, 0x7F, 0x00, 0x00, 0x00, 0x00}, /* "9", 25 */
    {0x00, 0x00, 0x00, 0x00, 0x00, 0x00, 0x00, 0x00, 0x00, 0x00, 0x00, 0x00, 0x00, 0x00, 0x00, 0x00, 0x70, 0x38, 0x00, 0x70, 0x38, 0x00, 0x70, 0x38, 0x00, 0x00, 0x00, 0x00, 0x00, 0x00, 0x00, 0x00, 0x00, 0x00, 0x00, 0x00}, /* ":", 26 */
    {0x00, 0x00, 0x00, 0x00, 0x00, 0x00, 0x00, 0x00, 0x00, 0x00, 0x00, 0x00, 0x00, 0x00, 0x00, 0x00, 0x30, 0x1A, 0x00, 0x30, 0x1C, 0x00, 0x00, 0x00, 0x00, 0x00, 0x00, 0x00, 0x00, 0x00, 0x00, 0x00, 0x00, 0x00, 0x00, 0x00}, /* ";", 27 */
    {0x00, 0x00, 0x00, 0x00, 0x00, 0x00, 0x00, 0x08, 0x00, 0x00, 0x14, 0x00, 0x00, 0x22, 0x00, 0x00, 0x41, 0x00, 0x00, 0x80, 0x80, 0x01, 0x00, 0x40, 0x02, 0x00, 0x20, 0x04, 0x00, 0x10, 0x08, 0x00, 0x08, 0x00, 0x00, 0x00}, /* "<", 28 */
    {0x00, 0x00, 0x00, 0x00, 0x21, 0x00, 0x00, 0x21, 0x00, 0x00, 0x21, 0x00, 0x00, 0x21, 0x00, 0x00, 0x21, 0x00, 0x00, 0x21, 0x00, 0x00, 0x21, 0x00, 0x00, 0x21, 0x00, 0x00, 0x21, 0x00, 0x00, 0x21, 0x00, 0x00, 0x00, 0x00}, /* "=", 29 */
    {0x00, 0x00, 0x00, 0x00, 0x00, 0x00, 0x08, 0x00, 0x08, 0x04, 0x00, 0x10, 0x02, 0x00, 0x20, 0x01, 0x00, 0x40, 0x00, 0x80, 0x80, 0x00, 0x41, 0x00, 0x00, 0x22, 0x00, 0x00, 0x14, 0x00, 0x00, 0x08, 0x00, 0x00, 0x00, 0x00}, /* ">", 30 */
    {0x00, 0x00, 0x00, 0x03, 0xC0, 0x00, 0x04, 0xC0, 0x00, 0x04, 0x00, 0x00, 0x08, 0x00, 0x38, 0x08, 0x0F, 0x38, 0x08, 0x08, 0x38, 0x08, 0x10, 0x00, 0x0C, 0x30, 0x00, 0x07, 0xE0, 0x00, 0x03, 0xC0, 0x00, 0x00, 0x00, 0x00}, /* "?", 31 */
    {0x00, 0x00, 0x00, 0x00, 0x3F, 0x80, 0x00, 0xFF, 0xE0, 0x03, 0x80, 0x70, 0x02, 0x0F, 0x10, 0x06, 0x70, 0x88, 0x04, 0xC0, 0x88, 0x04, 0x83, 0x08, 0x04, 0x7F, 0x88, 0x02, 0xC0, 0x90, 0x03, 0x01, 0x20, 0x00, 0xFE, 0x40}, /* "@", 32 */
    {0x00, 0x00, 0x08, 0x00, 0x00, 0x18, 0x00, 0x01, 0xF8, 0x00, 0x3E, 0x08, 0x01, 0xC2, 0x00, 0x07, 0x02, 0x00, 0x07, 0xE2, 0x00, 0x00, 0xFE, 0x00, 0x00, 0x1F, 0xC8, 0x00, 0x01, 0xF8, 0x00, 0x00, 0x38, 0x00, 0x00, 0x08}, /* "A", 33 */
    {0x04, 0x00, 0x08, 0x07, 0xFF, 0xF8, 0x07, 0xFF, 0xF8, 0x04, 0x08, 0x08, 0x04, 0x08, 0x08, 0x04, 0x08, 0x08, 0x04, 0x08, 0x08, 0x06, 0x18, 0x08, 0x03, 0xF4, 0x18, 0x01, 0xE7, 0xF0, 0x00, 0x01, 0xE0, 0x00, 0x00, 0x00}, /* "B", 34 */
    {0x00, 0x00, 0x00, 0x00, 0x3F, 0x80, 0x01, 0xFF, 0xE0, 0x03, 0x80, 0x70, 0x02, 0x00, 0x18, 0x04, 0x00, 0x08, 0x04, 0x00, 0x08, 0x04, 0x00, 0x08, 0x04, 0x00, 0x10, 0x06, 0x00, 0x20, 0x07, 0x80, 0xC0, 0x00, 0x00, 0x00}, /* "C", 35 */
    {0x04, 0x00, 0x08, 0x07, 0xFF, 0xF8, 0x07, 0xFF, 0xF8, 0x04, 0x00, 0x08, 0x04, 0x00, 0x08, 0x04, 0x00, 0x08, 0x04, 0x00, 0x18, 0x02, 0x00, 0x10, 0x03, 0x80, 0x70, 0x01, 0xFF, 0xE0, 0x00, 0x7F, 0x80, 0x00, 0x00, 0x00}, /* "D", 36 */
    {0x04, 0x00, 0x08, 0x07, 0xFF, 0xF8, 0x07, 0xFF, 0xF8, 0x04, 0x08, 0x08, 0x04, 0x08, 0x08, 0x04, 0x08, 0x08, 0x04, 0x08, 0x08, 0x04, 0x3E, 0x08, 0x04, 0x00, 0x08, 0x06, 0x00, 0x18, 0x01, 0x00, 0x60, 0x00, 0x00, 0x00}, /* "E", 37 */
    {0x04, 0x00, 0x08, 0x07, 0xFF, 0xF8, 0x07, 0xFF, 0xF8, 0x04, 0x08, 0x08, 0x04, 0x08, 0x00, 0x04, 0x08, 0x00, 0x04, 0x08, 0x00, 0x04, 0x3E, 0x00, 0x06, 0x00, 0x00, 0x06, 0x00, 0x00, 0x01, 0x80, 0x00, 0x00, 0x00, 0x00}, /* "F", 38 */
    {0x00, 0x00, 0x00, 0x00, 0x3F, 0x80, 0x01, 0xFF, 0xE0, 0x03, 0x80, 0x70, 0x06, 0x00, 0x18, 0x04, 0x00, 0x08, 0x04, 0x02, 0x08, 0x04, 0x02, 0x08, 0x02, 0x03, 0xF0, 0x07, 0x83, 0xF0, 0x00, 0x02, 0x00, 0x00, 0x02, 0x00}, /* "G", 39 */
    {0x04, 0x00, 0x08, 0x07, 0xFF, 0xF8, 0x07, 0xFF, 0xF8, 0x04, 0x08, 0x08, 0x00, 0x08, 0x00, 0x00, 0x08, 0x00, 0x00, 0x08, 0x00, 0x00, 0x08, 0x00, 0x04, 0x08, 0x08, 0x07, 0xFF, 0xF8, 0x07, 0xFF, 0xF8, 0x04, 0x00, 0x08}, /* "H", 40 */
    {0x00, 0x00, 0x00, 0x00, 0x00, 0x00, 0x04, 0x00, 0x08, 0x04, 0x00, 0x08, 0x04, 0x00, 0x08, 0x07, 0xFF, 0xF8, 0x07, 0xFF, 0xF8, 0x04, 0x00, 0x08, 0x04, 0x00, 0x08, 0x04, 0x00, 0x08, 0x00, 0x00, 0x00, 0x00, 0x00, 0x00}, /* "I", 41 */
    {0x00, 0x00, 0x00, 0x00, 0x00, 0x06, 0x00, 0x00, 0x07, 0x00, 0x00, 0x01, 0x04, 0x00, 0x01, 0x04, 0x00, 0x01, 0x04, 0x00, 0x03, 0x07, 0xFF, 0xFE, 0x07, 0xFF, 0xFC, 0x04, 0x00, 0x00, 0x04, 0x00, 0x00, 0x04, 0x00, 0x00}, /* "J", 42 */
    {0x04, 0x00, 0x08, 0x07, 0xFF, 0xF8, 0x07, 0xFF, 0xF8, 0x04, 0x0C, 0x08, 0x00, 0x18, 0x00, 0x00, 0x3E, 0x00, 0x04, 0xC7, 0x80, 0x05, 0x03, 0xC8, 0x06, 0x00, 0xF8, 0x04, 0x00, 0x38, 0x04, 0x00, 0x18, 0x00, 0x00, 0x08}, /* "K", 43 */
    {0x04, 0x00, 0x08, 0x07, 0xFF, 0xF8, 0x07, 0xFF, 0xF8, 0x04, 0x00, 0x08, 0x00, 0x00, 0x08, 0x00, 0x00, 0x08, 0x00, 0x00, 0x08, 0x00, 0x00, 0x08, 0x00, 0x00, 0x08, 0x00, 0x00, 0x18, 0x00, 0x00, 0x60, 0x00, 0x00, 0x00}, /* "L", 44 */
    {0x04, 0x00, 0x08, 0x07, 0xFF, 0xF8, 0x07, 0x80, 0x08, 0x07, 0xFC, 0x00, 0x00, 0x7F, 0xC0, 0x00, 0x03, 0xF8, 0x00, 0x07, 0xC0, 0x00, 0x78, 0x00, 0x07, 0x80, 0x08, 0x07, 0xFF, 0xF8, 0x07, 0xFF, 0xF8, 0x04, 0x00, 0x08}, /* "M", 45 */
    {0x04, 0x00, 0x08, 0x07, 0xFF, 0xF8, 0x07, 0x00, 0x08, 0x03, 0xC0, 0x00, 0x00, 0xE0, 0x00, 0x00, 0x38, 0x00, 0x00, 0x1E, 0x00, 0x00, 0x07, 0x00, 0x00, 0x01, 0xC0, 0x04, 0x00, 0xF0, 0x07, 0xFF, 0xF8, 0x04, 0x00, 0x00}, /* "N", 46 */
    {0x00, 0x00, 0x00, 0x00, 0x7F, 0x80, 0x01, 0xFF, 0xE0, 0x03, 0x80, 0x70, 0x06, 0x00, 0x18, 0x04, 0x00, 0x08, 0x04, 0x00, 0x08, 0x06, 0x00, 0x18, 0x03, 0x00, 0x30, 0x01, 0xFF, 0xE0, 0x00, 0x7F, 0x80, 0x00, 0x00, 0x00}, /* "O", 47 */
    {0x04, 0x00, 0x08, 0x07, 0xFF, 0xF8, 0x07, 0xFF, 0xF8, 0x04, 0x04, 0x08, 0x04, 0x04, 0x00, 0x04, 0x04, 0x00, 0x04, 0x04, 0x00, 0x04, 0x04, 0x00, 0x06, 0x0C, 0x00, 0x03, 0xF8, 0x00, 0x01, 0xF0, 0x00, 0x00, 0x00, 0x00}, /* "P", 48 */
    {0x00, 0x00, 0x00, 0x00, 0x7F, 0x80, 0x01, 0xFF, 0xE0, 0x03, 0x80, 0x70, 0x06, 0x00, 0x88, 0x04, 0x00, 0x88, 0x04, 0x00, 0xC8, 0x06, 0x00, 0x3C, 0x03, 0x00, 0x3E, 0x01, 0xFF, 0xE6, 0x00, 0x7F, 0x84, 0x00, 0x00, 0x00}, /* "Q", 49 */
    {0x04, 0x00, 0x08, 0x07, 0xFF, 0xF8, 0x07, 0xFF, 0xF8, 0x04, 0x08, 0x08, 0x04, 0x08, 0x00, 0x04, 0x0C, 0x00, 0x04, 0x0F, 0x00, 0x04, 0x0B, 0xC0, 0x06, 0x10, 0xF0, 0x03, 0xF0, 0x38, 0x01, 0xE0, 0x08, 0x00, 0x00, 0x08}, /* "R", 50 */
    {0x00, 0x00, 0x00, 0x01, 0xE0, 0xF8, 0x03, 0xF0, 0x30, 0x06, 0x30, 0x10, 0x04, 0x18, 0x08, 0x04, 0x18, 0x08, 0x04, 0x0C, 0x08, 0x04, 0x0C, 0x08, 0x02, 0x06, 0x18, 0x02, 0x07, 0xF0, 0x07, 0x81, 0xE0, 0x00, 0x00, 0x00}, /* "S", 51 */
    {0x01, 0x80, 0x00, 0x06, 0x00, 0x00, 0x04, 0x00, 0x00, 0x04, 0x00, 0x00, 0x04, 0x00, 0x08, 0x07, 0xFF, 0xF8, 0x07, 0xFF, 0xF8, 0x04, 0x00, 0x08, 0x04, 0x00, 0x00, 0x04, 0x00, 0x00, 0x06, 0x00, 0x00, 0x01, 0x80, 0x00}, /* "T", 52 */
    {0x04, 0x00, 0x00, 0x07, 0xFF, 0xE0, 0x07, 0xFF, 0xF0, 0x04, 0x00, 0x18, 0x00, 0x00, 0x08, 0x00, 0x00, 0x08, 0x00, 0x00, 0x08, 0x00, 0x00, 0x08, 0x00, 0x00, 0x08, 0x04, 0x00, 0x10, 0x07, 0xFF, 0xE0, 0x04, 0x00, 0x00}, /* "U", 53 */
    {0x04, 0x00, 0x00, 0x06, 0x00, 0x00, 0x07, 0xE0, 0x00, 0x07, 0xFE, 0x00, 0x04, 0x1F, 0xE0, 0x00, 0x01, 0xF8, 0x00, 0x00, 0x38, 0x00, 0x01, 0xE0, 0x04, 0x3E, 0x00, 0x07, 0xC0, 0x00, 0x06, 0x00, 0x00, 0x04, 0x00, 0x00}, /* "V", 54 */
    {0x04, 0x00, 0x00, 0x07, 0xE0, 0x00, 0x07, 0xFF, 0xC0, 0x04, 0x1F, 0xF8, 0x00, 0x07, 0xC0, 0x07, 0xF8, 0x00, 0x07, 0xFF, 0x80, 0x04, 0x3F, 0xF8, 0x00, 0x07, 0xC0, 0x04, 0xF8, 0x00, 0x07, 0x00, 0x00, 0x04, 0x00, 0x00}, /* "W", 55 */
    {0x00, 0x00, 0x00, 0x04, 0x00, 0x08, 0x06, 0x00, 0x18, 0x07, 0xC0, 0x78, 0x05, 0xF1, 0xC8, 0x00, 0x3E, 0x00, 0x00, 0x1F, 0x80, 0x04, 0x63, 0xE8, 0x07, 0x80, 0xF8, 0x06, 0x00, 0x18, 0x04, 0x00, 0x08, 0x00, 0x00, 0x00}, /* "X", 56 */
    {0x04, 0x00, 0x00, 0x06, 0x00, 0x00, 0x07, 0x80, 0x00, 0x07, 0xE0, 0x08, 0x04, 0x7C, 0x08, 0x00, 0x1F, 0xF8, 0x00, 0x07, 0xF8, 0x00, 0x18, 0x08, 0x04, 0xE0, 0x08, 0x07, 0x00, 0x00, 0x06, 0x00, 0x00, 0x04, 0x00, 0x00}, /* "Y", 57 */
    {0x00, 0x00, 0x00, 0x01, 0x00, 0x08, 0x06, 0x00, 0x38, 0x04, 0x00, 0xF8, 0x04, 0x03, 0xE8, 0x04, 0x0F, 0x08, 0x04, 0x7C, 0x08, 0x05, 0xF0, 0x08, 0x07, 0xC0, 0x08, 0x07, 0x00, 0x18, 0x04, 0x00, 0x60, 0x00, 0x00, 0x00}, /* "Z", 58 */
    {0x00, 0x00, 0x00, 0x00, 0x00, 0x00, 0x00, 0x00, 0x00, 0x00, 0x00, 0x00, 0x00, 0x00, 0x00, 0x3F, 0xFF, 0xFE, 0x20, 0x00, 0x02, 0x20, 0x00, 0x02, 0x20, 0x00, 0x02, 0x20, 0x00, 0x02, 0x20, 0x00, 0x02, 0x00, 0x00, 0x00}, /* "[", 59 */
    {0x00, 0x00, 0x00, 0x00, 0x00, 0x00, 0x08, 0x00, 0x00, 0x07, 0x00, 0x00, 0x00, 0xC0, 0x00, 0x00, 0x38, 0x00, 0x00, 0x06, 0x00, 0x00, 0x01, 0xC0, 0x00, 0x00, 0x30, 0x00, 0x00, 0x0E, 0x00, 0x00, 0x01, 0x00, 0x00, 0x00}, /* "\", 60 */
    {0x00, 0x00, 0x00, 0x00, 0x00, 0x00, 0x20, 0x00, 0x02, 0x20, 0x00, 0x02, 0x20, 0x00, 0x02, 0x20, 0x00, 0x02, 0x20, 0x00, 0x02, 0x3F, 0xFF, 0xFE, 0x00, 0x00, 0x00, 0x00, 0x00, 0x00, 0x00, 0x00, 0x00, 0x00, 0x00, 0x00}, /* "]", 61 */
    {0x00, 0x00, 0x00, 0x00, 0x00, 0x00, 0x00, 0x00, 0x00, 0x08, 0x00, 0x00, 0x10, 0x00, 0x00, 0x30, 0x00, 0x00, 0x20, 0x00, 0x00, 0x30, 0x00, 0x00, 0x10, 0x00, 0x00, 0x08, 0x00, 0x00, 0x00, 0x00, 0x00, 0x00, 0x00, 0x00}, /* "^", 62 */
    {0x00, 0x00, 0x01, 0x00, 0x00, 0x01, 0x00, 0x00, 0x01, 0x00, 0x00, 0x01, 0x00, 0x00, 0x01, 0x00, 0x00, 0x01, 0x00, 0x00, 0x01, 0x00, 0x00, 0x01, 0x00, 0x00, 0x01, 0x00, 0x00, 0x01, 0x00, 0x00, 0x01, 0x00, 0x00, 0x01}, /* "_", 63 */
    {0x00, 0x00, 0x00, 0x00, 0x00, 0x00, 0x00, 0x00, 0x00, 0x20, 0x00, 0x00, 0x20, 0x00, 0x00, 0x10, 0x00, 0x00, 0x10, 0x00, 0x00, 0x00, 0x00, 0x00, 0x00, 0x00, 0x00, 0x00, 0x00, 0x00, 0x00, 0x00, 0x00, 0x00, 0x00, 0x00}, /* "`", 64 */
    {0x00, 0x00, 0x00, 0x00, 0x00, 0xF0, 0x00, 0x19, 0xF8, 0x00, 0x1B, 0x18, 0x00, 0x22, 0x08, 0x00, 0x26, 0x08, 0x00, 0x24, 0x08, 0x00, 0x24, 0x10, 0x00, 0x3F, 0xF8, 0x00, 0x1F, 0xF8, 0x00, 0x00, 0x08, 0x00, 0x00, 0x18}, /* "a", 65 */
    {0x00, 0x00, 0x00, 0x04, 0x00, 0x00, 0x07, 0xFF, 0xF8, 0x0F, 0xFF, 0xF0, 0x00, 0x18, 0x18, 0x00, 0x10, 0x08, 0x00, 0x20, 0x08, 0x00, 0x20, 0x08, 0x00, 0x30, 0x18, 0x00, 0x1F, 0xF0, 0x00, 0x0F, 0xC0, 0x00, 0x00, 0x00}, /* "b", 66 */
    {0x00, 0x00, 0x00, 0x00, 0x07, 0xC0, 0x00, 0x1F, 0xF0, 0x00, 0x18, 0x30, 0x00, 0x20, 0x08, 0x00, 0x20, 0x08, 0x00, 0x20, 0x08, 0x00, 0x3C, 0x08, 0x00, 0x1C, 0x10, 0x00, 0x00, 0x60, 0x00, 0x00, 0x00, 0x00, 0x00, 0x00}, /* "c", 67 */
    {0x00, 0x00, 0x00, 0x00, 0x07, 0xC0, 0x00, 0x1F, 0xF0, 0x00, 0x38, 0x18, 0x00, 0x20, 0x08, 0x00, 0x20, 0x08, 0x00, 0x20, 0x08, 0x04, 0x10, 0x10, 0x07, 0xFF, 0xF8, 0x0F, 0xFF, 0xF0, 0x00, 0x00, 0x10, 0x00, 0x00, 0x00}, /* "d", 68 */
    {0x00, 0x00, 0x00, 0x00, 0x00, 0x00, 0x00, 0x07, 0xC0, 0x00, 0x1F, 0xF0, 0x00, 0x12, 0x30, 0x00, 0x22, 0x18, 0x00, 0x22, 0x08, 0x00, 0x22, 0x08, 0x00, 0x32, 0x08, 0x00, 0x1E, 0x10, 0x00, 0x0E, 0x20, 0x00, 0x00, 0x00}, /* "e", 69 */
    {0x00, 0x00, 0x00, 0x00, 0x20, 0x00, 0x00, 0x20, 0x08, 0x00, 0x20, 0x08, 0x01, 0xFF, 0xF8, 0x03, 0xFF, 0xF8, 0x06, 0x20, 0x08, 0x04, 0x20, 0x08, 0x04, 0x20, 0x08, 0x07, 0x20, 0x00, 0x03, 0x00, 0x00, 0x00, 0x00, 0x00}, /* "f", 70 */
    {0x00, 0x00, 0x00, 0x00, 0x00, 0x0E, 0x00, 0x0E, 0x6E, 0x00, 0x1F, 0xF3, 0x00, 0x31, 0xB1, 0x00, 0x20, 0xB1, 0x00, 0x20, 0xB1, 0x00, 0x31, 0x91, 0x00, 0x1F, 0x13, 0x00, 0x2E, 0x1E, 0x00, 0x20, 0x0E, 0x00, 0x30, 0x00}, /* "g", 71 */
    {0x00, 0x00, 0x00, 0x04, 0x00, 0x08, 0x07, 0xFF, 0xF8, 0x0F, 0xFF, 0xF8, 0x00, 0x10, 0x08, 0x00, 0x20, 0x00, 0x00, 0x20, 0x00, 0x00, 0x20, 0x08, 0x00, 0x3F, 0xF8, 0x00, 0x1F, 0xF8, 0x00, 0x00, 0x08, 0x00, 0x00, 0x00}, /* "h", 72 */
    {0x00, 0x00, 0x00, 0x00, 0x00, 0x00, 0x00, 0x20, 0x08, 0x00, 0x20, 0x08, 0x00, 0x20, 0x08, 0x06, 0x3F, 0xF8, 0x06, 0x3F, 0xF8, 0x00, 0x00, 0x08, 0x00, 0x00, 0x08, 0x00, 0x00, 0x08, 0x00, 0x00, 0x00, 0x00, 0x00, 0x00}, /* "i", 73 */
    {0x00, 0x00, 0x00, 0x00, 0x00, 0x00, 0x00, 0x00, 0x03, 0x00, 0x00, 0x03, 0x00, 0x20, 0x01, 0x00, 0x20, 0x01, 0x00, 0x20, 0x03, 0x06, 0x3F, 0xFE, 0x06, 0x3F, 0xFC, 0x00, 0x00, 0x00, 0x00, 0x00, 0x00, 0x00, 0x00, 0x00}, /* "j", 74 */
    {0x00, 0x00, 0x00, 0x04, 0x00, 0x08, 0x07, 0xFF, 0xF8, 0x0F, 0xFF, 0xF8, 0x00, 0x01, 0x88, 0x00, 0x03, 0x00, 0x00, 0x2F, 0xC0, 0x00, 0x38, 0xF8, 0x00, 0x20, 0x38, 0x00, 0x20, 0x08, 0x00, 0x00, 0x08, 0x00, 0x00, 0x00}, /* "k", 75 */
    {0x00, 0x00, 0x00, 0x00, 0x00, 0x00, 0x04, 0x00, 0x08, 0x04, 0x00, 0x08, 0x04, 0x00, 0x08, 0x07, 0xFF, 0xF8, 0x0F, 0xFF, 0xF8, 0x00, 0x00, 0x08, 0x00, 0x00, 0x08, 0x00, 0x00, 0x08, 0x00, 0x00, 0x00, 0x00, 0x00, 0x00}, /* "l", 76 */
    {0x00, 0x20, 0x08, 0x00, 0x3F, 0xF8, 0x00, 0x3F, 0xF8, 0x00, 0x10, 0x08, 0x00, 0x20, 0x00, 0x00, 0x3F, 0xF8, 0x00, 0x3F, 0xF8, 0x00, 0x10, 0x08, 0x00, 0x20, 0x00, 0x00, 0x3F, 0xF8, 0x00, 0x3F, 0xF8, 0x00, 0x00, 0x08}, /* "m", 77 */
    {0x00, 0x00, 0x00, 0x00, 0x20, 0x08, 0x00, 0x3F, 0xF8, 0x00, 0x3F, 0xF8, 0x00, 0x10, 0x08, 0x00, 0x10, 0x00, 0x00, 0x20, 0x00, 0x00, 0x20, 0x08, 0x00, 0x3F, 0xF8, 0x00, 0x1F, 0xF8, 0x00, 0x00, 0x08, 0x00, 0x00, 0x00}, /* "n", 78 */
    {0x00, 0x00, 0x00, 0x00, 0x07, 0xC0, 0x00, 0x0F, 0xF0, 0x00, 0x18, 0x30, 0x00, 0x30, 0x08, 0x00, 0x20, 0x08, 0x00, 0x20, 0x08, 0x00, 0x30, 0x08, 0x00, 0x18, 0x30, 0x00, 0x0F, 0xF0, 0x00, 0x07, 0xC0, 0x00, 0x00, 0x00}, /* "o", 79 */
    {0x00, 0x00, 0x00, 0x00, 0x20, 0x01, 0x00, 0x3F, 0xFF, 0x00, 0x3F, 0xFF, 0x00, 0x10, 0x11, 0x00, 0x20, 0x09, 0x00, 0x20, 0x08, 0x00, 0x20, 0x08, 0x00, 0x30, 0x38, 0x00, 0x1F, 0xF0, 0x00, 0x0F, 0xC0, 0x00, 0x00, 0x00}, /* "p", 80 */
    {0x00, 0x00, 0x00, 0x00, 0x07, 0xC0, 0x00, 0x1F, 0xF0, 0x00, 0x38, 0x18, 0x00, 0x20, 0x08, 0x00, 0x20, 0x08, 0x00, 0x20, 0x09, 0x00, 0x10, 0x11, 0x00, 0x1F, 0xFF, 0x00, 0x3F, 0xFF, 0x00, 0x00, 0x01, 0x00, 0x00, 0x00}, /* "q", 81 */
    {0x00, 0x20, 0x08, 0x00, 0x20, 0x08, 0x00, 0x20, 0x08, 0x00, 0x3F, 0xF8, 0x00, 0x3F, 0xF8, 0x00, 0x08, 0x08, 0x00, 0x10, 0x08, 0x00, 0x20, 0x08, 0x00, 0x20, 0x00, 0x00, 0x30, 0x00, 0x00, 0x30, 0x00, 0x00, 0x00, 0x00}, /* "r", 82 */
    {0x00, 0x00, 0x00, 0x00, 0x00, 0x00, 0x00, 0x0C, 0x78, 0x00, 0x1E, 0x18, 0x00, 0x33, 0x08, 0x00, 0x23, 0x08, 0x00, 0x21, 0x08, 0x00, 0x21, 0x88, 0x00, 0x21, 0x98, 0x00, 0x30, 0xF0, 0x00, 0x38, 0x60, 0x00, 0x00, 0x00}, /* "s", 83 */
    {0x00, 0x00, 0x00, 0x00, 0x20, 0x00, 0x00, 0x20, 0x00, 0x00, 0x20, 0x00, 0x00, 0xFF, 0xF0, 0x03, 0xFF, 0xF8, 0x00, 0x20, 0x08, 0x00, 0x20, 0x08, 0x00, 0x20, 0x08, 0x00, 0x00, 0x30, 0x00, 0x00, 0x00, 0x00, 0x00, 0x00}, /* "t", 84 */
    {0x00, 0x00, 0x00, 0x00, 0x20, 0x00, 0x00, 0x3F, 0xF0, 0x00, 0x7F, 0xF8, 0x00, 0x00, 0x18, 0x00, 0x00, 0x08, 0x00, 0x00, 0x08, 0x00, 0x20, 0x10, 0x00, 0x3F, 0xF8, 0x00, 0x7F, 0xF0, 0x00, 0x00, 0x10, 0x00, 0x00, 0x00}, /* "u", 85 */
    {0x00, 0x00, 0x00, 0x00, 0x20, 0x00, 0x00, 0x30, 0x00, 0x00, 0x3C, 0x00, 0x00, 0x3F, 0x80, 0x00, 0x23, 0xF0, 0x00, 0x00, 0x78, 0x00, 0x00, 0x70, 0x00, 0x23, 0x80, 0x00, 0x3C, 0x00, 0x00, 0x30, 0x00, 0x00, 0x20, 0x00}, /* "v", 86 */
    {0x00, 0x20, 0x00, 0x00, 0x3C, 0x00, 0x00, 0x3F, 0xE0, 0x00, 0x23, 0xF8, 0x00, 0x00, 0xE0, 0x00, 0x27, 0x00, 0x00, 0x3E, 0x00, 0x00, 0x3F, 0xE0, 0x00, 0x21, 0xF8, 0x00, 0x01, 0xE0, 0x00, 0x3E, 0x00, 0x00, 0x20, 0x00}, /* "w", 87 */
    {0x00, 0x00, 0x00, 0x00, 0x20, 0x08, 0x00, 0x20, 0x08, 0x00, 0x38, 0x38, 0x00, 0x3E, 0x68, 0x00, 0x27, 0x80, 0x00, 0x03, 0xC8, 0x00, 0x2C, 0xF8, 0x00, 0x38, 0x38, 0x00, 0x20, 0x18, 0x00, 0x20, 0x08, 0x00, 0x00, 0x00}, /* "x", 88 */
    {0x00, 0x00, 0x00, 0x00, 0x20, 0x00, 0x00, 0x30, 0x03, 0x00, 0x3C, 0x01, 0x00, 0x3F, 0x83, 0x00, 0x23, 0xEC, 0x00, 0x00, 0x70, 0x00, 0x23, 0x80, 0x00, 0x3C, 0x00, 0x00, 0x20, 0x00, 0x00, 0x20, 0x00, 0x00, 0x00, 0x00}, /* "y", 89 */
    {0x00, 0x00, 0x00, 0x00, 0x00, 0x00, 0x00, 0x38, 0x08, 0x00, 0x20, 0x38, 0x00, 0x20, 0xF8, 0x00, 0x23, 0xE8, 0x00, 0x2F, 0x88, 0x00, 0x3E, 0x08, 0x00, 0x38, 0x08, 0x00, 0x20, 0x18, 0x00, 0x00, 0x70, 0x00, 0x00, 0x00}, /* "z", 90 */
    {0x00, 0x00, 0x00, 0x00, 0x00, 0x00, 0x00, 0x00, 0x00, 0x00, 0x00, 0x00, 0x00, 0x00, 0x00, 0x00, 0x08, 0x00, 0x00, 0x14, 0x00, 0x1F, 0xF7, 0xFC, 0x30, 0x00, 0x06, 0x20, 0x00, 0x02, 0x00, 0x00, 0x00, 0x00, 0x00, 0x00}, /* "{", 91 */
    {0x00, 0x00, 0x00, 0x00, 0x00, 0x00, 0x00, 0x00, 0x00, 0x00, 0x00, 0x00, 0x00, 0x00, 0x00, 0x00, 0x00, 0x00, 0xFF, 0xFF, 0xFF, 0x00, 0x00, 0x00, 0x00, 0x00, 0x00, 0x00, 0x00, 0x00, 0x00, 0x00, 0x00, 0x00, 0x00, 0x00}, /* "|", 92 */
    {0x00, 0x00, 0x00, 0x00, 0x00, 0x00, 0x20, 0x00, 0x02, 0x30, 0x00, 0x06, 0x1F, 0xF7, 0xFC, 0x00, 0x14, 0x00, 0x00, 0x08, 0x00, 0x00, 0x00, 0x00, 0x00, 0x00, 0x00, 0x00, 0x00, 0x00, 0x00, 0x00, 0x00, 0x00, 0x00, 0x00}, /* "}", 93 */
    {0x00, 0x00, 0x00, 0x18, 0x00, 0x00, 0x60, 0x00, 0x00, 0x40, 0x00, 0x00, 0x40, 0x00, 0x00, 0x20, 0x00, 0x00, 0x10, 0x00, 0x00, 0x08, 0x00, 0x00, 0x04, 0x00, 0x00, 0x04, 0x00, 0x00, 0x0C, 0x00, 0x00, 0x10, 0x00, 0x00}, /* "~", 94 */
};

/* 32*32 ASCII字符集点阵 */
const unsigned char asc2_3216[95][128] = {
    {0x00, 0x00, 0x00, 0x00, 0x00, 0x00, 0x00, 0x00, 0x00, 0x00, 0x00, 0x00, 0x00, 0x00, 0x00, 0x00, 0x00, 0x00, 0x00, 0x00, 0x00, 0x00, 0x00, 0x00, 0x00, 0x00, 0x00, 0x00, 0x00, 0x00, 0x00, 0x00, 0x00, 0x00, 0x00, 0x00, 0x00, 0x00, 0x00, 0x00, 0x00, 0x00, 0x00, 0x00, 0x00, 0x00, 0x00, 0x00, 0x00, 0x00, 0x00, 0x00, 0x00, 0x00, 0x00, 0x00, 0x00, 0x00, 0x00, 0x00, 0x00, 0x00, 0x00, 0x00}, /* " ", 0 */
    {0x00, 0x00, 0x00, 0x00, 0x00, 0x00, 0x00, 0x00, 0x00, 0x00, 0x00, 0x00, 0x00, 0x00, 0x00, 0x00, 0x00, 0x00, 0x00, 0x00, 0x00, 0x00, 0x00, 0x00, 0x07, 0xF0, 0x00, 0xC0, 0x07, 0xFF, 0xE1, 0xE0, 0x07, 0xF0, 0x01, 0xE0, 0x00, 0x00, 0x00, 0xC0, 0x00, 0x00, 0x00, 0x00, 0x00, 0x00, 0x00, 0x00, 0x00, 0x00, 0x00, 0x00, 0x00, 0x00, 0x00, 0x00, 0x00, 0x00, 0x00, 0x00, 0x00, 0x00, 0x00, 0x00}, /* "!", 1 */
    {0x00, 0x00, 0x00, 0x00, 0x00, 0x00, 0x00, 0x00, 0x00, 0x20, 0x00, 0x00, 0x01, 0xC0, 0x00, 0x00, 0x07, 0x80, 0x00, 0x00, 0x1F, 0x00, 0x00, 0x00, 0x1E, 0x00, 0x00, 0x00, 0x1C, 0x20, 0x00, 0x00, 0x01, 0xC0, 0x00, 0x00, 0x07, 0x80, 0x00, 0x00, 0x1F, 0x00, 0x00, 0x00, 0x1E, 0x00, 0x00, 0x00, 0x1C, 0x00, 0x00, 0x00, 0x00, 0x00, 0x00, 0x00, 0x00, 0x00, 0x00, 0x00, 0x00, 0x00, 0x00, 0x00}, /* """, 2 */
    {0x00, 0x00, 0x00, 0x00, 0x00, 0x18, 0x0C, 0x00, 0x00, 0x18, 0x0C, 0x00, 0x00, 0x18, 0x0F, 0xE0, 0x00, 0x1F, 0xFC, 0x00, 0x03, 0xF8, 0x0C, 0x00, 0x00, 0x18, 0x0C, 0x00, 0x00, 0x18, 0x0C, 0x00, 0x00, 0x18, 0x0C, 0x00, 0x00, 0x18, 0x0C, 0x00, 0x00, 0x18, 0x0F, 0xE0, 0x00, 0x1F, 0xFC, 0x00, 0x03, 0xF8, 0x0C, 0x00, 0x00, 0x18, 0x0C, 0x00, 0x00, 0x18, 0x0C, 0x00, 0x00, 0x00, 0x00, 0x00}, /* "#", 3 */
    {0x00, 0x00, 0x00, 0x00, 0x00, 0x00, 0x00, 0x00, 0x00, 0x00, 0x07, 0x80, 0x00, 0x78, 0x07, 0xC0, 0x00, 0xFC, 0x06, 0x40, 0x01, 0x0E, 0x00, 0x20, 0x03, 0x07, 0x00, 0x20, 0x02, 0x03, 0x80, 0x20, 0x0F, 0xFF, 0xFF, 0xFC, 0x02, 0x01, 0xC0, 0x20, 0x02, 0x00, 0xE0, 0x60, 0x01, 0x30, 0x70, 0x40, 0x01, 0xF0, 0x3F, 0x80, 0x00, 0xF0, 0x1F, 0x00, 0x00, 0x00, 0x00, 0x00, 0x00, 0x00, 0x00, 0x00}, /* "$", 4 */
    {0x00, 0xFE, 0x00, 0x00, 0x01, 0xFF, 0x00, 0x00, 0x03, 0x01, 0x80, 0x00, 0x02, 0x00, 0x80, 0x60, 0x03, 0x01, 0x81, 0xC0, 0x01, 0xFF, 0x07, 0x00, 0x00, 0xFE, 0x18, 0x00, 0x00, 0x00, 0xE0, 0x00, 0x00, 0x03, 0xBF, 0x00, 0x00, 0x0C, 0xFF, 0xC0, 0x00, 0x71, 0x80, 0x60, 0x01, 0xC1, 0x00, 0x20, 0x03, 0x01, 0x80, 0x60, 0x00, 0x00, 0xFF, 0xC0, 0x00, 0x00, 0x3F, 0x00, 0x00, 0x00, 0x00, 0x00}, /* "%", 5 */
    {0x00, 0x00, 0x1F, 0x00, 0x00, 0x00, 0x7F, 0xC0, 0x00, 0xFC, 0xC0, 0xC0, 0x01, 0xFF, 0x80, 0x60, 0x03, 0x03, 0xE0, 0x20, 0x02, 0x02, 0x78, 0x20, 0x02, 0x06, 0x1E, 0x20, 0x03, 0xFC, 0x07, 0x40, 0x01, 0xF0, 0x03, 0x80, 0x00, 0x01, 0x03, 0xC0, 0x00, 0x01, 0x1C, 0x60, 0x00, 0x01, 0xE0, 0x20, 0x00, 0x01, 0x00, 0x20, 0x00, 0x01, 0x00, 0x40, 0x00, 0x00, 0x01, 0x80, 0x00, 0x00, 0x00, 0x00}, /* "&", 6 */
    {0x00, 0x00, 0x00, 0x00, 0x00, 0x20, 0x00, 0x00, 0x1C, 0x60, 0x00, 0x00, 0x1C, 0x40, 0x00, 0x00, 0x1F, 0x80, 0x00, 0x00, 0x0F, 0x00, 0x00, 0x00, 0x00, 0x00, 0x00, 0x00, 0x00, 0x00, 0x00, 0x00, 0x00, 0x00, 0x00, 0x00, 0x00, 0x00, 0x00, 0x00, 0x00, 0x00, 0x00, 0x00, 0x00, 0x00, 0x00, 0x00, 0x00, 0x00, 0x00, 0x00, 0x00, 0x00, 0x00, 0x00, 0x00, 0x00, 0x00, 0x00, 0x00, 0x00, 0x00, 0x00}, /* "'", 7 */
    {0x00, 0x00, 0x00, 0x00, 0x00, 0x00, 0x00, 0x00, 0x00, 0x00, 0x00, 0x00, 0x00, 0x00, 0x00, 0x00, 0x00, 0x00, 0x00, 0x00, 0x00, 0x00, 0x00, 0x00, 0x00, 0x00, 0x00, 0x00, 0x00, 0x07, 0xF8, 0x00, 0x00, 0x3F, 0xFF, 0x00, 0x00, 0x78, 0x07, 0xC0, 0x01, 0xC0, 0x00, 0xE0, 0x03, 0x00, 0x00, 0x30, 0x04, 0x00, 0x00, 0x08, 0x08, 0x00, 0x00, 0x04, 0x10, 0x00, 0x00, 0x02, 0x00, 0x00, 0x00, 0x00}, /* "(", 8 */
    {0x00, 0x00, 0x00, 0x00, 0x10, 0x00, 0x00, 0x02, 0x08, 0x00, 0x00, 0x04, 0x04, 0x00, 0x00, 0x08, 0x03, 0x00, 0x00, 0x30, 0x01, 0xC0, 0x00, 0xE0, 0x00, 0x78, 0x07, 0xC0, 0x00, 0x3F, 0xFF, 0x00, 0x00, 0x07, 0xF8, 0x00, 0x00, 0x00, 0x00, 0x00, 0x00, 0x00, 0x00, 0x00, 0x00, 0x00, 0x00, 0x00, 0x00, 0x00, 0x00, 0x00, 0x00, 0x00, 0x00, 0x00, 0x00, 0x00, 0x00, 0x00, 0x00, 0x00, 0x00, 0x00}, /* ")", 9 */
    {0x00, 0x00, 0x00, 0x00, 0x00, 0x00, 0x00, 0x00, 0x00, 0x0C, 0x18, 0x00, 0x00, 0x0E, 0x38, 0x00, 0x00, 0x0E, 0x38, 0x00, 0x00, 0x06, 0x30, 0x00, 0x00, 0x03, 0x60, 0x00, 0x00, 0x61, 0x43, 0x80, 0x00, 0xFF, 0xFF, 0x80, 0x00, 0x61, 0x43, 0x00, 0x00, 0x03, 0x60, 0x00, 0x00, 0x06, 0x30, 0x00, 0x00, 0x0E, 0x38, 0x00, 0x00, 0x0E, 0x38, 0x00, 0x00, 0x0C, 0x18, 0x00, 0x00, 0x00, 0x00, 0x00}, /* "*", 10 */
    {0x00, 0x00, 0x00, 0x00, 0x00, 0x00, 0x00, 0x00, 0x00, 0x00, 0x80, 0x00, 0x00, 0x00, 0x80, 0x00, 0x00, 0x00, 0x80, 0x00, 0x00, 0x00, 0x80, 0x00, 0x00, 0x00, 0x80, 0x00, 0x00, 0x00, 0x80, 0x00, 0x00, 0x7F, 0xFF, 0x00, 0x00, 0x00, 0x80, 0x00, 0x00, 0x00, 0x80, 0x00, 0x00, 0x00, 0x80, 0x00, 0x00, 0x00, 0x80, 0x00, 0x00, 0x00, 0x80, 0x00, 0x00, 0x00, 0x80, 0x00, 0x00, 0x00, 0x00, 0x00}, /* "+", 11 */
    {0x00, 0x00, 0x00, 0x00, 0x00, 0x00, 0x00, 0x01, 0x00, 0x00, 0x00, 0xE3, 0x00, 0x00, 0x00, 0xE2, 0x00, 0x00, 0x00, 0xFC, 0x00, 0x00, 0x00, 0x78, 0x00, 0x00, 0x00, 0x00, 0x00, 0x00, 0x00, 0x00, 0x00, 0x00, 0x00, 0x00, 0x00, 0x00, 0x00, 0x00, 0x00, 0x00, 0x00, 0x00, 0x00, 0x00, 0x00, 0x00, 0x00, 0x00, 0x00, 0x00, 0x00, 0x00, 0x00, 0x00, 0x00, 0x00, 0x00, 0x00, 0x00, 0x00, 0x00, 0x00}, /* ",", 12 */
    {0x00, 0x00, 0x00, 0x00, 0x00, 0x00, 0x80, 0x00, 0x00, 0x00, 0x80, 0x00, 0x00, 0x00, 0x80, 0x00, 0x00, 0x00, 0x80, 0x00, 0x00, 0x00, 0x80, 0x00, 0x00, 0x00, 0x80, 0x00, 0x00, 0x00, 0x80, 0x00, 0x00, 0x00, 0x80, 0x00, 0x00, 0x00, 0x80, 0x00, 0x00, 0x00, 0x80, 0x00, 0x00, 0x00, 0x80, 0x00, 0x00, 0x00, 0x80, 0x00, 0x00, 0x00, 0x80, 0x00, 0x00, 0x00, 0x80, 0x00, 0x00, 0x00, 0x00, 0x00}, /* "-", 13 */
    {0x00, 0x00, 0x00, 0x00, 0x00, 0x00, 0x00, 0x00, 0x00, 0x00, 0x00, 0xC0, 0x00, 0x00, 0x01, 0xE0, 0x00, 0x00, 0x01, 0xE0, 0x00, 0x00, 0x00, 0xC0, 0x00, 0x00, 0x00, 0x00, 0x00, 0x00, 0x00, 0x00, 0x00, 0x00, 0x00, 0x00, 0x00, 0x00, 0x00, 0x00, 0x00, 0x00, 0x00, 0x00, 0x00, 0x00, 0x00, 0x00, 0x00, 0x00, 0x00, 0x00, 0x00, 0x00, 0x00, 0x00, 0x00, 0x00, 0x00, 0x00, 0x00, 0x00, 0x00, 0x00}, /* ".", 14 */
    {0x00, 0x00, 0x00, 0x00, 0x00, 0x00, 0x00, 0x0C, 0x00, 0x00, 0x00, 0x38, 0x00, 0x00, 0x00, 0xE0, 0x00, 0x00, 0x03, 0x80, 0x00, 0x00, 0x0E, 0x00, 0x00, 0x00, 0x38, 0x00, 0x00, 0x00, 0xE0, 0x00, 0x00, 0x03, 0x80, 0x00, 0x00, 0x0E, 0x00, 0x00, 0x00, 0x38, 0x00, 0x00, 0x00, 0xE0, 0x00, 0x00, 0x03, 0x80, 0x00, 0x00, 0x0E, 0x00, 0x00, 0x00, 0x18, 0x00, 0x00, 0x00, 0x00, 0x00, 0x00, 0x00}, /* "/", 15 */
    {0x00, 0x00, 0x00, 0x00, 0x00, 0x00, 0x00, 0x00, 0x00, 0x0F, 0xF8, 0x00, 0x00, 0x7F, 0xFF, 0x00, 0x00, 0xF0, 0x07, 0x80, 0x01, 0x80, 0x00, 0xC0, 0x03, 0x00, 0x00, 0x60, 0x02, 0x00, 0x00, 0x20, 0x02, 0x00, 0x00, 0x20, 0x02, 0x00, 0x00, 0x20, 0x03, 0x00, 0x00, 0x60, 0x01, 0x80, 0x00, 0xC0, 0x00, 0xE0, 0x03, 0x80, 0x00, 0x7F, 0xFF, 0x00, 0x00, 0x0F, 0xF8, 0x00, 0x00, 0x00, 0x00, 0x00}, /* "0", 16 */
    {0x00, 0x00, 0x00, 0x00, 0x00, 0x00, 0x00, 0x00, 0x00, 0x00, 0x00, 0x00, 0x00, 0x80, 0x00, 0x20, 0x00, 0x80, 0x00, 0x20, 0x00, 0x80, 0x00, 0x20, 0x00, 0x80, 0x00, 0x60, 0x01, 0xFF, 0xFF, 0xE0, 0x03, 0xFF, 0xFF, 0xE0, 0x00, 0x00, 0x00, 0x60, 0x00, 0x00, 0x00, 0x20, 0x00, 0x00, 0x00, 0x20, 0x00, 0x00, 0x00, 0x20, 0x00, 0x00, 0x00, 0x00, 0x00, 0x00, 0x00, 0x00, 0x00, 0x00, 0x00, 0x00}, /* "1", 17 */
    {0x00, 0x00, 0x00, 0x00, 0x00, 0x00, 0x00, 0x00, 0x00, 0x78, 0x00, 0xE0, 0x00, 0x98, 0x01, 0x60, 0x01, 0x00, 0x02, 0x60, 0x02, 0x00, 0x04, 0x60, 0x02, 0x00, 0x08, 0x60, 0x02, 0x00, 0x10, 0x60, 0x02, 0x00, 0x20, 0x60, 0x02, 0x00, 0x40, 0x60, 0x03, 0x00, 0x80, 0x60, 0x01, 0x83, 0x00, 0x60, 0x01, 0xFE, 0x00, 0xE0, 0x00, 0x7C, 0x07, 0x80, 0x00, 0x00, 0x00, 0x00, 0x00, 0x00, 0x00, 0x00}, /* "2", 18 */
    {0x00, 0x00, 0x00, 0x00, 0x00, 0x00, 0x00, 0x00, 0x00, 0xF0, 0x07, 0x80, 0x01, 0xF0, 0x07, 0xC0, 0x01, 0x00, 0x00, 0x40, 0x02, 0x00, 0x00, 0x20, 0x02, 0x01, 0x00, 0x20, 0x02, 0x01, 0x00, 0x20, 0x02, 0x01, 0x00, 0x20, 0x03, 0x03, 0x80, 0x20, 0x01, 0x86, 0x80, 0x40, 0x01, 0xFC, 0xC0, 0xC0, 0x00, 0x78, 0x7F, 0x80, 0x00, 0x00, 0x1E, 0x00, 0x00, 0x00, 0x00, 0x00, 0x00, 0x00, 0x00, 0x00}, /* "3", 19 */
    {0x00, 0x00, 0x00, 0x00, 0x00, 0x00, 0x08, 0x00, 0x00, 0x00, 0x38, 0x00, 0x00, 0x00, 0x48, 0x00, 0x00, 0x01, 0x88, 0x00, 0x00, 0x06, 0x08, 0x00, 0x00, 0x0C, 0x08, 0x10, 0x00, 0x30, 0x08, 0x10, 0x00, 0x40, 0x08, 0x10, 0x01, 0xFF, 0xFF, 0xF0, 0x03, 0xFF, 0xFF, 0xF0, 0x03, 0xFF, 0xFF, 0xF0, 0x00, 0x00, 0x08, 0x10, 0x00, 0x00, 0x08, 0x10, 0x00, 0x00, 0x08, 0x10, 0x00, 0x00, 0x00, 0x00}, /* "4", 20 */
    {0x00, 0x00, 0x00, 0x00, 0x00, 0x00, 0x00, 0x00, 0x00, 0x00, 0x07, 0x80, 0x00, 0x1F, 0x86, 0x40, 0x03, 0xE1, 0x00, 0x20, 0x03, 0x02, 0x00, 0x20, 0x03, 0x04, 0x00, 0x20, 0x03, 0x04, 0x00, 0x20, 0x03, 0x04, 0x00, 0x20, 0x03, 0x04, 0x00, 0x20, 0x03, 0x06, 0x00, 0x40, 0x03, 0x03, 0x01, 0xC0, 0x03, 0x01, 0xFF, 0x80, 0x03, 0x00, 0x7E, 0x00, 0x00, 0x00, 0x00, 0x00, 0x00, 0x00, 0x00, 0x00}, /* "5", 21 */
    {0x00, 0x00, 0x00, 0x00, 0x00, 0x00, 0x00, 0x00, 0x00, 0x07, 0xFC, 0x00, 0x00, 0x3F, 0xFF, 0x00, 0x00, 0x70, 0xC3, 0x80, 0x00, 0x81, 0x80, 0xC0, 0x01, 0x01, 0x00, 0x60, 0x03, 0x02, 0x00, 0x20, 0x02, 0x02, 0x00, 0x20, 0x02, 0x02, 0x00, 0x20, 0x02, 0x02, 0x00, 0x20, 0x02, 0x03, 0x00, 0x40, 0x01, 0xC1, 0x80, 0xC0, 0x00, 0xC0, 0xFF, 0x80, 0x00, 0x00, 0x7E, 0x00, 0x00, 0x00, 0x00, 0x00}, /* "6", 22 */
    {0x00, 0x00, 0x00, 0x00, 0x00, 0x00, 0x00, 0x00, 0x00, 0xF0, 0x00, 0x00, 0x03, 0xC0, 0x00, 0x00, 0x03, 0x80, 0x00, 0x00, 0x03, 0x00, 0x00, 0x00, 0x03, 0x00, 0x07, 0xE0, 0x03, 0x00, 0x3F, 0xE0, 0x03, 0x01, 0xC0, 0x00, 0x03, 0x06, 0x00, 0x00, 0x03, 0x18, 0x00, 0x00, 0x03, 0x60, 0x00, 0x00, 0x03, 0x80, 0x00, 0x00, 0x03, 0x00, 0x00, 0x00, 0x00, 0x00, 0x00, 0x00, 0x00, 0x00, 0x00, 0x00}, /* "7", 23 */
    {0x00, 0x00, 0x00, 0x00, 0x00, 0x00, 0x1F, 0x00, 0x00, 0x78, 0x3F, 0x80, 0x00, 0xFC, 0x60, 0xC0, 0x01, 0x8E, 0xC0, 0x40, 0x03, 0x07, 0x80, 0x20, 0x02, 0x03, 0x00, 0x20, 0x02, 0x01, 0x80, 0x20, 0x02, 0x01, 0x80, 0x20, 0x02, 0x01, 0xC0, 0x20, 0x03, 0x01, 0xE0, 0x40, 0x01, 0x86, 0x70, 0xC0, 0x00, 0xFC, 0x3F, 0x80, 0x00, 0x78, 0x1F, 0x00, 0x00, 0x00, 0x00, 0x00, 0x00, 0x00, 0x00, 0x00}, /* "8", 24 */
    {0x00, 0x00, 0x00, 0x00, 0x00, 0x3F, 0x00, 0x00, 0x00, 0xFF, 0x81, 0xC0, 0x01, 0xC0, 0xC1, 0xC0, 0x01, 0x00, 0x60, 0x20, 0x02, 0x00, 0x20, 0x20, 0x02, 0x00, 0x20, 0x20, 0x02, 0x00, 0x20, 0x20, 0x02, 0x00, 0x20, 0x60, 0x02, 0x00, 0x40, 0xC0, 0x01, 0x00, 0xC1, 0x80, 0x00, 0xC1, 0x8F, 0x00, 0x00, 0x7F, 0xFE, 0x00, 0x00, 0x1F, 0xF0, 0x00, 0x00, 0x00, 0x00, 0x00, 0x00, 0x00, 0x00, 0x00}, /* "9", 25 */
    {0x00, 0x00, 0x00, 0x00, 0x00, 0x00, 0x00, 0x00, 0x00, 0x00, 0x00, 0x00, 0x00, 0x00, 0x00, 0x00, 0x00, 0x00, 0x00, 0x00, 0x00, 0x00, 0x00, 0x00, 0x00, 0x03, 0x00, 0xC0, 0x00, 0x07, 0x81, 0xE0, 0x00, 0x07, 0x81, 0xE0, 0x00, 0x03, 0x00, 0xC0, 0x00, 0x00, 0x00, 0x00, 0x00, 0x00, 0x00, 0x00, 0x00, 0x00, 0x00, 0x00, 0x00, 0x00, 0x00, 0x00, 0x00, 0x00, 0x00, 0x00, 0x00, 0x00, 0x00, 0x00}, /* ":", 26 */
    {0x00, 0x00, 0x00, 0x00, 0x00, 0x00, 0x00, 0x00, 0x00, 0x00, 0x00, 0x00, 0x00, 0x00, 0x00, 0x00, 0x00, 0x00, 0x00, 0x00, 0x00, 0x00, 0x00, 0x00, 0x00, 0x06, 0x00, 0x66, 0x00, 0x06, 0x00, 0x78, 0x00, 0x00, 0x00, 0x00, 0x00, 0x00, 0x00, 0x00, 0x00, 0x00, 0x00, 0x00, 0x00, 0x00, 0x00, 0x00, 0x00, 0x00, 0x00, 0x00, 0x00, 0x00, 0x00, 0x00, 0x00, 0x00, 0x00, 0x00, 0x00, 0x00, 0x00, 0x00}, /* ";", 27 */
    {0x00, 0x00, 0x00, 0x00, 0x00, 0x00, 0x00, 0x00, 0x00, 0x00, 0x80, 0x00, 0x00, 0x01, 0xC0, 0x00, 0x00, 0x03, 0x60, 0x00, 0x00, 0x06, 0x30, 0x00, 0x00, 0x0C, 0x18, 0x00, 0x00, 0x18, 0x0C, 0x00, 0x00, 0x30, 0x06, 0x00, 0x00, 0x60, 0x03, 0x00, 0x00, 0xC0, 0x01, 0x80, 0x01, 0x00, 0x00, 0x40, 0x02, 0x00, 0x00, 0x20, 0x04, 0x00, 0x00, 0x10, 0x00, 0x00, 0x00, 0x00, 0x00, 0x00, 0x00, 0x00}, /* "<", 28 */
    {0x00, 0x00, 0x00, 0x00, 0x00, 0x04, 0x10, 0x00, 0x00, 0x04, 0x10, 0x00, 0x00, 0x04, 0x10, 0x00, 0x00, 0x04, 0x10, 0x00, 0x00, 0x04, 0x10, 0x00, 0x00, 0x04, 0x10, 0x00, 0x00, 0x04, 0x10, 0x00, 0x00, 0x04, 0x10, 0x00, 0x00, 0x04, 0x10, 0x00, 0x00, 0x04, 0x10, 0x00, 0x00, 0x04, 0x10, 0x00, 0x00, 0x04, 0x10, 0x00, 0x00, 0x04, 0x10, 0x00, 0x00, 0x04, 0x10, 0x00, 0x00, 0x00, 0x00, 0x00}, /* "=", 29 */
    {0x00, 0x00, 0x00, 0x00, 0x00, 0x00, 0x00, 0x00, 0x04, 0x00, 0x00, 0x10, 0x02, 0x00, 0x00, 0x20, 0x01, 0x00, 0x00, 0x40, 0x00, 0xC0, 0x01, 0x80, 0x00, 0x60, 0x03, 0x00, 0x00, 0x30, 0x06, 0x00, 0x00, 0x18, 0x0C, 0x00, 0x00, 0x0C, 0x18, 0x00, 0x00, 0x06, 0x30, 0x00, 0x00, 0x03, 0x60, 0x00, 0x00, 0x01, 0xC0, 0x00, 0x00, 0x00, 0x80, 0x00, 0x00, 0x00, 0x00, 0x00, 0x00, 0x00, 0x00, 0x00}, /* ">", 30 */
    {0x00, 0x00, 0x00, 0x00, 0x00, 0x00, 0x00, 0x00, 0x00, 0x78, 0x00, 0x00, 0x01, 0xF8, 0x00, 0x00, 0x02, 0x38, 0x00, 0x00, 0x02, 0x00, 0x00, 0x00, 0x04, 0x00, 0x00, 0xC0, 0x04, 0x00, 0x79, 0xE0, 0x04, 0x00, 0x81, 0xE0, 0x04, 0x01, 0x00, 0xC0, 0x04, 0x03, 0x00, 0x00, 0x02, 0x02, 0x00, 0x00, 0x03, 0x06, 0x00, 0x00, 0x01, 0xFC, 0x00, 0x00, 0x00, 0xF8, 0x00, 0x00, 0x00, 0x00, 0x00, 0x00}, /* "?", 31 */
    {0x00, 0x00, 0x00, 0x00, 0x00, 0x0F, 0xF8, 0x00, 0x00, 0x3F, 0xFE, 0x00, 0x00, 0x70, 0x07, 0x80, 0x00, 0xC0, 0x00, 0xC0, 0x01, 0x01, 0xF8, 0x40, 0x03, 0x07, 0xFC, 0x20, 0x02, 0x1E, 0x04, 0x20, 0x02, 0x30, 0x08, 0x20, 0x02, 0x20, 0x30, 0x20, 0x02, 0x3F, 0xFC, 0x20, 0x01, 0x3F, 0x04, 0x40, 0x01, 0x80, 0x0C, 0xC0, 0x00, 0xE0, 0x31, 0x80, 0x00, 0x1F, 0xC2, 0x00, 0x00, 0x00, 0x00, 0x00}, /* "@", 32 */
    {0x00, 0x00, 0x00, 0x20, 0x00, 0x00, 0x00, 0x60, 0x00, 0x00, 0x03, 0xE0, 0x00, 0x00, 0x3E, 0x20, 0x00, 0x03, 0xE0, 0x20, 0x00, 0x3E, 0x20, 0x00, 0x03, 0xE0, 0x20, 0x00, 0x03, 0x80, 0x20, 0x00, 0x07, 0xFC, 0x20, 0x00, 0x00, 0x3F, 0xE0, 0x00, 0x00, 0x03, 0xFE, 0x20, 0x00, 0x00, 0x3F, 0xE0, 0x00, 0x00, 0x01, 0xE0, 0x00, 0x00, 0x00, 0x20, 0x00, 0x00, 0x00, 0x20, 0x00, 0x00, 0x00, 0x00}, /* "A", 33 */
    {0x00, 0x00, 0x00, 0x00, 0x02, 0x00, 0x00, 0x20, 0x02, 0x00, 0x00, 0x20, 0x03, 0xFF, 0xFF, 0xE0, 0x03, 0xFF, 0xFF, 0xE0, 0x02, 0x01, 0x00, 0x20, 0x02, 0x01, 0x00, 0x20, 0x02, 0x01, 0x00, 0x20, 0x02, 0x01, 0x00, 0x20, 0x02, 0x01, 0x00, 0x20, 0x03, 0x03, 0x00, 0x20, 0x01, 0x86, 0x80, 0x60, 0x01, 0xFC, 0xC0, 0xC0, 0x00, 0xF8, 0x7F, 0x80, 0x00, 0x00, 0x1F, 0x00, 0x00, 0x00, 0x00, 0x00}, /* "B", 34 */
    {0x00, 0x00, 0x00, 0x00, 0x00, 0x07, 0xF8, 0x00, 0x00, 0x3F, 0xFF, 0x00, 0x00, 0x70, 0x07, 0x80, 0x00, 0xC0, 0x00, 0xC0, 0x01, 0x00, 0x00, 0x40, 0x03, 0x00, 0x00, 0x20, 0x02, 0x00, 0x00, 0x20, 0x02, 0x00, 0x00, 0x20, 0x02, 0x00, 0x00, 0x20, 0x02, 0x00, 0x00, 0x20, 0x01, 0x00, 0x00, 0x40, 0x01, 0x80, 0x00, 0xC0, 0x03, 0xC0, 0x01, 0x80, 0x00, 0x30, 0x06, 0x00, 0x00, 0x00, 0x00, 0x00}, /* "C", 35 */
    {0x00, 0x00, 0x00, 0x00, 0x02, 0x00, 0x00, 0x20, 0x02, 0x00, 0x00, 0x20, 0x03, 0xFF, 0xFF, 0xE0, 0x03, 0xFF, 0xFF, 0xE0, 0x02, 0x00, 0x00, 0x20, 0x02, 0x00, 0x00, 0x20, 0x02, 0x00, 0x00, 0x20, 0x02, 0x00, 0x00, 0x20, 0x03, 0x00, 0x00, 0x60, 0x01, 0x00, 0x00, 0x40, 0x01, 0x80, 0x00, 0xC0, 0x00, 0xF0, 0x07, 0x80, 0x00, 0x7F, 0xFE, 0x00, 0x00, 0x0F, 0xF8, 0x00, 0x00, 0x00, 0x00, 0x00}, /* "D", 36 */
    {0x00, 0x00, 0x00, 0x00, 0x02, 0x00, 0x00, 0x20, 0x02, 0x00, 0x00, 0x20, 0x03, 0xFF, 0xFF, 0xE0, 0x03, 0xFF, 0xFF, 0xE0, 0x02, 0x01, 0x00, 0x20, 0x02, 0x01, 0x00, 0x20, 0x02, 0x01, 0x00, 0x20, 0x02, 0x01, 0x00, 0x20, 0x02, 0x01, 0x00, 0x20, 0x02, 0x03, 0x80, 0x20, 0x02, 0x0F, 0xE0, 0x20, 0x03, 0x00, 0x00, 0x60, 0x03, 0xC0, 0x00, 0xE0, 0x00, 0x60, 0x03, 0x00, 0x00, 0x00, 0x00, 0x00}, /* "E", 37 */
    {0x00, 0x00, 0x00, 0x00, 0x02, 0x00, 0x00, 0x20, 0x02, 0x00, 0x00, 0x20, 0x03, 0xFF, 0xFF, 0xE0, 0x03, 0xFF, 0xFF, 0xE0, 0x02, 0x01, 0x00, 0x20, 0x02, 0x01, 0x00, 0x20, 0x02, 0x01, 0x00, 0x00, 0x02, 0x01, 0x00, 0x00, 0x02, 0x01, 0x00, 0x00, 0x02, 0x01, 0x00, 0x00, 0x02, 0x03, 0x80, 0x00, 0x03, 0x0F, 0xE0, 0x00, 0x03, 0x00, 0x00, 0x00, 0x03, 0xC0, 0x00, 0x00, 0x00, 0x60, 0x00, 0x00}, /* "F", 38 */
    {0x00, 0x00, 0x00, 0x00, 0x00, 0x07, 0xF8, 0x00, 0x00, 0x3F, 0xFE, 0x00, 0x00, 0x70, 0x07, 0x80, 0x01, 0xC0, 0x01, 0xC0, 0x01, 0x00, 0x00, 0x40, 0x03, 0x00, 0x00, 0x20, 0x02, 0x00, 0x00, 0x20, 0x02, 0x00, 0x00, 0x20, 0x02, 0x00, 0x00, 0x20, 0x01, 0x00, 0x20, 0x20, 0x01, 0x00, 0x20, 0x40, 0x03, 0xC0, 0x3F, 0x80, 0x00, 0x30, 0x3F, 0x80, 0x00, 0x00, 0x20, 0x00, 0x00, 0x00, 0x20, 0x00}, /* "G", 39 */
    {0x02, 0x00, 0x00, 0x20, 0x02, 0x00, 0x00, 0x20, 0x03, 0xFF, 0xFF, 0xE0, 0x03, 0xFF, 0xFF, 0xE0, 0x02, 0x00, 0x80, 0x20, 0x02, 0x00, 0x80, 0x20, 0x00, 0x00, 0x80, 0x00, 0x00, 0x00, 0x80, 0x00, 0x00, 0x00, 0x80, 0x00, 0x02, 0x00, 0x80, 0x20, 0x02, 0x00, 0x80, 0x20, 0x03, 0xFF, 0xFF, 0xE0, 0x03, 0xFF, 0xFF, 0xE0, 0x02, 0x00, 0x00, 0x20, 0x02, 0x00, 0x00, 0x20, 0x00, 0x00, 0x00, 0x00}, /* "H", 40 */
    {0x00, 0x00, 0x00, 0x00, 0x00, 0x00, 0x00, 0x00, 0x00, 0x00, 0x00, 0x00, 0x02, 0x00, 0x00, 0x20, 0x02, 0x00, 0x00, 0x20, 0x02, 0x00, 0x00, 0x20, 0x02, 0x00, 0x00, 0x20, 0x03, 0xFF, 0xFF, 0xE0, 0x03, 0xFF, 0xFF, 0xE0, 0x02, 0x00, 0x00, 0x20, 0x02, 0x00, 0x00, 0x20, 0x02, 0x00, 0x00, 0x20, 0x02, 0x00, 0x00, 0x20, 0x00, 0x00, 0x00, 0x00, 0x00, 0x00, 0x00, 0x00, 0x00, 0x00, 0x00, 0x00}, /* "I", 41 */
    {0x00, 0x00, 0x00, 0x00, 0x00, 0x00, 0x00, 0x0E, 0x00, 0x00, 0x00, 0x0F, 0x00, 0x00, 0x00, 0x0F, 0x00, 0x00, 0x00, 0x01, 0x02, 0x00, 0x00, 0x01, 0x02, 0x00, 0x00, 0x01, 0x02, 0x00, 0x00, 0x03, 0x02, 0x00, 0x00, 0x06, 0x03, 0xFF, 0xFF, 0xFC, 0x03, 0xFF, 0xFF, 0xF8, 0x02, 0x00, 0x00, 0x00, 0x02, 0x00, 0x00, 0x00, 0x02, 0x00, 0x00, 0x00, 0x02, 0x00, 0x00, 0x00, 0x00, 0x00, 0x00, 0x00}, /* "J", 42 */
    {0x00, 0x00, 0x00, 0x00, 0x02, 0x00, 0x00, 0x20, 0x02, 0x00, 0x00, 0x20, 0x03, 0xFF, 0xFF, 0xE0, 0x03, 0xFF, 0xFF, 0xE0, 0x02, 0x00, 0xC0, 0x20, 0x02, 0x01, 0x00, 0x20, 0x00, 0x07, 0x80, 0x00, 0x00, 0x0F, 0xE0, 0x00, 0x00, 0x30, 0xF8, 0x00, 0x02, 0x60, 0x3E, 0x20, 0x03, 0x80, 0x0F, 0x20, 0x03, 0x00, 0x03, 0xE0, 0x02, 0x00, 0x00, 0xE0, 0x02, 0x00, 0x00, 0x20, 0x00, 0x00, 0x00, 0x20}, /* "K", 43 */
    {0x00, 0x00, 0x00, 0x00, 0x02, 0x00, 0x00, 0x20, 0x02, 0x00, 0x00, 0x20, 0x03, 0xFF, 0xFF, 0xE0, 0x03, 0xFF, 0xFF, 0xE0, 0x02, 0x00, 0x00, 0x20, 0x02, 0x00, 0x00, 0x20, 0x00, 0x00, 0x00, 0x20, 0x00, 0x00, 0x00, 0x20, 0x00, 0x00, 0x00, 0x20, 0x00, 0x00, 0x00, 0x20, 0x00, 0x00, 0x00, 0x20, 0x00, 0x00, 0x00, 0x60, 0x00, 0x00, 0x00, 0xE0, 0x00, 0x00, 0x03, 0x00, 0x00, 0x00, 0x00, 0x00}, /* "L", 44 */
    {0x02, 0x00, 0x00, 0x20, 0x02, 0x00, 0x00, 0x20, 0x03, 0xFF, 0xFF, 0xE0, 0x03, 0xE0, 0x00, 0x20, 0x03, 0xFF, 0x00, 0x20, 0x00, 0x1F, 0xF0, 0x00, 0x00, 0x01, 0xFF, 0x80, 0x00, 0x00, 0x0F, 0xE0, 0x00, 0x00, 0x1E, 0x00, 0x00, 0x03, 0xE0, 0x00, 0x00, 0x3E, 0x00, 0x20, 0x03, 0xE0, 0x00, 0x20, 0x03, 0xFF, 0xFF, 0xE0, 0x03, 0xFF, 0xFF, 0xE0, 0x02, 0x00, 0x00, 0x20, 0x02, 0x00, 0x00, 0x20}, /* "M", 45 */
    {0x02, 0x00, 0x00, 0x20, 0x02, 0x00, 0x00, 0x20, 0x03, 0xFF, 0xFF, 0xE0, 0x03, 0x80, 0x00, 0x20, 0x03, 0xF0, 0x00, 0x20, 0x00, 0xFC, 0x00, 0x00, 0x00, 0x1F, 0x00, 0x00, 0x00, 0x07, 0xC0, 0x00, 0x00, 0x01, 0xF0, 0x00, 0x00, 0x00, 0x7C, 0x00, 0x02, 0x00, 0x1F, 0x80, 0x02, 0x00, 0x07, 0xE0, 0x03, 0xFF, 0xFF, 0xE0, 0x02, 0x00, 0x00, 0x00, 0x02, 0x00, 0x00, 0x00, 0x00, 0x00, 0x00, 0x00}, /* "N", 46 */
    {0x00, 0x00, 0x00, 0x00, 0x00, 0x0F, 0xF8, 0x00, 0x00, 0x3F, 0xFE, 0x00, 0x00, 0xF0, 0x07, 0x80, 0x01, 0x80, 0x00, 0xC0, 0x01, 0x00, 0x00, 0x40, 0x02, 0x00, 0x00, 0x20, 0x02, 0x00, 0x00, 0x20, 0x02, 0x00, 0x00, 0x20, 0x02, 0x00, 0x00, 0x20, 0x01, 0x00, 0x00, 0x40, 0x01, 0x80, 0x00, 0xC0, 0x00, 0xF0, 0x03, 0x80, 0x00, 0x3F, 0xFE, 0x00, 0x00, 0x0F, 0xF8, 0x00, 0x00, 0x00, 0x00, 0x00}, /* "O", 47 */
    {0x00, 0x00, 0x00, 0x00, 0x02, 0x00, 0x00, 0x20, 0x02, 0x00, 0x00, 0x20, 0x03, 0xFF, 0xFF, 0xE0, 0x03, 0xFF, 0xFF, 0xE0, 0x02, 0x00, 0x80, 0x20, 0x02, 0x00, 0x80, 0x20, 0x02, 0x00, 0x80, 0x00, 0x02, 0x00, 0x80, 0x00, 0x02, 0x00, 0x80, 0x00, 0x02, 0x00, 0x80, 0x00, 0x03, 0x01, 0x80, 0x00, 0x01, 0x83, 0x00, 0x00, 0x00, 0xFE, 0x00, 0x00, 0x00, 0x7C, 0x00, 0x00, 0x00, 0x00, 0x00, 0x00}, /* "P", 48 */
    {0x00, 0x00, 0x00, 0x00, 0x00, 0x0F, 0xF8, 0x00, 0x00, 0x7F, 0xFF, 0x00, 0x00, 0xF0, 0x03, 0x80, 0x01, 0x80, 0x01, 0xC0, 0x01, 0x00, 0x06, 0x40, 0x02, 0x00, 0x04, 0x20, 0x02, 0x00, 0x04, 0x20, 0x02, 0x00, 0x06, 0x20, 0x02, 0x00, 0x03, 0xE0, 0x01, 0x00, 0x00, 0xF8, 0x01, 0x80, 0x00, 0x5C, 0x00, 0xE0, 0x03, 0x8C, 0x00, 0x3F, 0xFF, 0x0C, 0x00, 0x0F, 0xFC, 0x18, 0x00, 0x00, 0x00, 0x00}, /* "Q", 49 */
    {0x00, 0x00, 0x00, 0x00, 0x02, 0x00, 0x00, 0x20, 0x02, 0x00, 0x00, 0x20, 0x03, 0xFF, 0xFF, 0xE0, 0x03, 0xFF, 0xFF, 0xE0, 0x02, 0x01, 0x00, 0x20, 0x02, 0x01, 0x00, 0x20, 0x02, 0x01, 0x80, 0x00, 0x02, 0x01, 0xE0, 0x00, 0x02, 0x01, 0xFC, 0x00, 0x03, 0x03, 0x3F, 0x80, 0x01, 0x86, 0x07, 0xE0, 0x01, 0xFC, 0x00, 0xE0, 0x00, 0xF8, 0x00, 0x20, 0x00, 0x00, 0x00, 0x20, 0x00, 0x00, 0x00, 0x00}, /* "R", 50 */
    {0x00, 0x00, 0x00, 0x00, 0x00, 0x00, 0x00, 0x00, 0x00, 0x78, 0x06, 0x00, 0x00, 0xFE, 0x01, 0xE0, 0x01, 0x86, 0x00, 0xC0, 0x03, 0x03, 0x00, 0x40, 0x02, 0x03, 0x00, 0x20, 0x02, 0x01, 0x80, 0x20, 0x02, 0x01, 0x80, 0x20, 0x02, 0x01, 0xC0, 0x20, 0x02, 0x00, 0xC0, 0x20, 0x01, 0x00, 0xE0, 0x60, 0x01, 0x80, 0x70, 0xC0, 0x03, 0xE0, 0x3F, 0x80, 0x00, 0x00, 0x1F, 0x00, 0x00, 0x00, 0x00, 0x00}, /* "S", 51 */
    {0x00, 0x00, 0x00, 0x00, 0x00, 0x60, 0x00, 0x00, 0x03, 0x80, 0x00, 0x00, 0x03, 0x00, 0x00, 0x00, 0x02, 0x00, 0x00, 0x00, 0x02, 0x00, 0x00, 0x20, 0x02, 0x00, 0x00, 0x20, 0x03, 0xFF, 0xFF, 0xE0, 0x03, 0xFF, 0xFF, 0xE0, 0x02, 0x00, 0x00, 0x20, 0x02, 0x00, 0x00, 0x20, 0x02, 0x00, 0x00, 0x00, 0x02, 0x00, 0x00, 0x00, 0x03, 0x80, 0x00, 0x00, 0x00, 0xE0, 0x00, 0x00, 0x00, 0x00, 0x00, 0x00}, /* "T", 52 */
    {0x02, 0x00, 0x00, 0x00, 0x02, 0x00, 0x00, 0x00, 0x03, 0xFF, 0xFF, 0x00, 0x03, 0xFF, 0xFF, 0xC0, 0x02, 0x00, 0x00, 0x40, 0x02, 0x00, 0x00, 0x60, 0x00, 0x00, 0x00, 0x20, 0x00, 0x00, 0x00, 0x20, 0x00, 0x00, 0x00, 0x20, 0x00, 0x00, 0x00, 0x20, 0x02, 0x00, 0x00, 0x40, 0x02, 0x00, 0x00, 0x80, 0x03, 0xFF, 0xFF, 0x00, 0x02, 0x00, 0x00, 0x00, 0x02, 0x00, 0x00, 0x00, 0x00, 0x00, 0x00, 0x00}, /* "U", 53 */
    {0x00, 0x00, 0x00, 0x00, 0x02, 0x00, 0x00, 0x00, 0x02, 0x00, 0x00, 0x00, 0x03, 0xC0, 0x00, 0x00, 0x03, 0xFC, 0x00, 0x00, 0x02, 0x3F, 0xC0, 0x00, 0x00, 0x03, 0xF8, 0x00, 0x00, 0x00, 0x7F, 0x80, 0x00, 0x00, 0x07, 0xE0, 0x00, 0x00, 0x07, 0x80, 0x00, 0x00, 0x78, 0x00, 0x02, 0x03, 0xC0, 0x00, 0x02, 0x3C, 0x00, 0x00, 0x03, 0xC0, 0x00, 0x00, 0x02, 0x00, 0x00, 0x00, 0x02, 0x00, 0x00, 0x00}, /* "V", 54 */
    {0x02, 0x00, 0x00, 0x00, 0x03, 0xC0, 0x00, 0x00, 0x03, 0xFF, 0x80, 0x00, 0x02, 0x3F, 0xFE, 0x00, 0x02, 0x00, 0x7F, 0xE0, 0x00, 0x00, 0x0F, 0x00, 0x02, 0x00, 0xF0, 0x00, 0x03, 0xEF, 0x00, 0x00, 0x03, 0xFF, 0x80, 0x00, 0x02, 0x0F, 0xFE, 0x00, 0x00, 0x00, 0x3F, 0xE0, 0x00, 0x00, 0x1F, 0x00, 0x02, 0x07, 0xE0, 0x00, 0x03, 0xF8, 0x00, 0x00, 0x03, 0x00, 0x00, 0x00, 0x02, 0x00, 0x00, 0x00}, /* "W", 55 */
    {0x00, 0x00, 0x00, 0x00, 0x02, 0x00, 0x00, 0x20, 0x02, 0x00, 0x00, 0x20, 0x03, 0x80, 0x00, 0xE0, 0x03, 0xF0, 0x03, 0x20, 0x02, 0xFC, 0x0C, 0x20, 0x02, 0x1F, 0x30, 0x00, 0x00, 0x07, 0xC0, 0x00, 0x00, 0x07, 0xF0, 0x00, 0x02, 0x18, 0x7C, 0x00, 0x02, 0x60, 0x1F, 0x20, 0x03, 0x80, 0x03, 0xE0, 0x02, 0x00, 0x00, 0xE0, 0x02, 0x00, 0x00, 0x20, 0x00, 0x00, 0x00, 0x20, 0x00, 0x00, 0x00, 0x00}, /* "X", 56 */
    {0x00, 0x00, 0x00, 0x00, 0x02, 0x00, 0x00, 0x00, 0x03, 0x00, 0x00, 0x00, 0x03, 0xC0, 0x00, 0x00, 0x03, 0xF8, 0x00, 0x00, 0x02, 0x3E, 0x00, 0x20, 0x02, 0x0F, 0xC0, 0x20, 0x00, 0x01, 0xFF, 0xE0, 0x00, 0x00, 0x7F, 0xE0, 0x00, 0x03, 0x80, 0x20, 0x02, 0x1C, 0x00, 0x20, 0x02, 0x70, 0x00, 0x00, 0x03, 0x80, 0x00, 0x00, 0x02, 0x00, 0x00, 0x00, 0x02, 0x00, 0x00, 0x00, 0x00, 0x00, 0x00, 0x00}, /* "Y", 57 */
    {0x00, 0x00, 0x00, 0x00, 0x00, 0x00, 0x00, 0x20, 0x00, 0x60, 0x00, 0xE0, 0x03, 0x80, 0x03, 0xE0, 0x03, 0x00, 0x0F, 0xA0, 0x02, 0x00, 0x3E, 0x20, 0x02, 0x00, 0xF8, 0x20, 0x02, 0x03, 0xE0, 0x20, 0x02, 0x0F, 0x80, 0x20, 0x02, 0x3E, 0x00, 0x20, 0x02, 0x78, 0x00, 0x20, 0x03, 0xE0, 0x00, 0x60, 0x03, 0x80, 0x00, 0xE0, 0x02, 0x00, 0x03, 0x00, 0x00, 0x00, 0x00, 0x00, 0x00, 0x00, 0x00, 0x00}, /* "Z", 58 */
    {0x00, 0x00, 0x00, 0x00, 0x00, 0x00, 0x00, 0x00, 0x00, 0x00, 0x00, 0x00, 0x00, 0x00, 0x00, 0x00, 0x00, 0x00, 0x00, 0x00, 0x00, 0x00, 0x00, 0x00, 0x1F, 0xFF, 0xFF, 0xFC, 0x10, 0x00, 0x00, 0x04, 0x10, 0x00, 0x00, 0x04, 0x10, 0x00, 0x00, 0x04, 0x10, 0x00, 0x00, 0x04, 0x10, 0x00, 0x00, 0x04, 0x10, 0x00, 0x00, 0x04, 0x10, 0x00, 0x00, 0x04, 0x00, 0x00, 0x00, 0x00, 0x00, 0x00, 0x00, 0x00}, /* "[", 59 */
    {0x00, 0x00, 0x00, 0x00, 0x00, 0x00, 0x00, 0x00, 0x00, 0x00, 0x00, 0x00, 0x07, 0x00, 0x00, 0x00, 0x03, 0xC0, 0x00, 0x00, 0x00, 0x78, 0x00, 0x00, 0x00, 0x1E, 0x00, 0x00, 0x00, 0x03, 0xC0, 0x00, 0x00, 0x00, 0xF0, 0x00, 0x00, 0x00, 0x1E, 0x00, 0x00, 0x00, 0x07, 0x80, 0x00, 0x00, 0x00, 0xF0, 0x00, 0x00, 0x00, 0x3C, 0x00, 0x00, 0x00, 0x06, 0x00, 0x00, 0x00, 0x00, 0x00, 0x00, 0x00, 0x00}, /* "\", 60 */
    {0x00, 0x00, 0x00, 0x00, 0x00, 0x00, 0x00, 0x00, 0x10, 0x00, 0x00, 0x04, 0x10, 0x00, 0x00, 0x04, 0x10, 0x00, 0x00, 0x04, 0x10, 0x00, 0x00, 0x04, 0x10, 0x00, 0x00, 0x04, 0x10, 0x00, 0x00, 0x04, 0x10, 0x00, 0x00, 0x04, 0x1F, 0xFF, 0xFF, 0xFC, 0x00, 0x00, 0x00, 0x00, 0x00, 0x00, 0x00, 0x00, 0x00, 0x00, 0x00, 0x00, 0x00, 0x00, 0x00, 0x00, 0x00, 0x00, 0x00, 0x00, 0x00, 0x00, 0x00, 0x00}, /* "]", 61 */
    {0x00, 0x00, 0x00, 0x00, 0x00, 0x00, 0x00, 0x00, 0x00, 0x00, 0x00, 0x00, 0x00, 0x00, 0x00, 0x00, 0x02, 0x00, 0x00, 0x00, 0x04, 0x00, 0x00, 0x00, 0x08, 0x00, 0x00, 0x00, 0x18, 0x00, 0x00, 0x00, 0x10, 0x00, 0x00, 0x00, 0x18, 0x00, 0x00, 0x00, 0x18, 0x00, 0x00, 0x00, 0x04, 0x00, 0x00, 0x00, 0x02, 0x00, 0x00, 0x00, 0x00, 0x00, 0x00, 0x00, 0x00, 0x00, 0x00, 0x00, 0x00, 0x00, 0x00, 0x00}, /* "^", 62 */
    {0x00, 0x00, 0x00, 0x01, 0x00, 0x00, 0x00, 0x01, 0x00, 0x00, 0x00, 0x01, 0x00, 0x00, 0x00, 0x01, 0x00, 0x00, 0x00, 0x01, 0x00, 0x00, 0x00, 0x01, 0x00, 0x00, 0x00, 0x01, 0x00, 0x00, 0x00, 0x01, 0x00, 0x00, 0x00, 0x01, 0x00, 0x00, 0x00, 0x01, 0x00, 0x00, 0x00, 0x01, 0x00, 0x00, 0x00, 0x01, 0x00, 0x00, 0x00, 0x01, 0x00, 0x00, 0x00, 0x01, 0x00, 0x00, 0x00, 0x01, 0x00, 0x00, 0x00, 0x01}, /* "_", 63 */
    {0x00, 0x00, 0x00, 0x00, 0x00, 0x00, 0x00, 0x00, 0x00, 0x00, 0x00, 0x00, 0x10, 0x00, 0x00, 0x00, 0x10, 0x00, 0x00, 0x00, 0x10, 0x00, 0x00, 0x00, 0x18, 0x00, 0x00, 0x00, 0x08, 0x00, 0x00, 0x00, 0x04, 0x00, 0x00, 0x00, 0x00, 0x00, 0x00, 0x00, 0x00, 0x00, 0x00, 0x00, 0x00, 0x00, 0x00, 0x00, 0x00, 0x00, 0x00, 0x00, 0x00, 0x00, 0x00, 0x00, 0x00, 0x00, 0x00, 0x00, 0x00, 0x00, 0x00, 0x00}, /* "`", 64 */
    {0x00, 0x00, 0x00, 0x00, 0x00, 0x00, 0x03, 0x80, 0x00, 0x01, 0x8F, 0xC0, 0x00, 0x03, 0x8C, 0x60, 0x00, 0x06, 0x18, 0x20, 0x00, 0x04, 0x10, 0x20, 0x00, 0x04, 0x10, 0x20, 0x00, 0x04, 0x20, 0x20, 0x00, 0x04, 0x20, 0x40, 0x00, 0x06, 0x20, 0x40, 0x00, 0x03, 0xFF, 0xC0, 0x00, 0x01, 0xFF, 0xE0, 0x00, 0x00, 0x00, 0x20, 0x00, 0x00, 0x00, 0x20, 0x00, 0x00, 0x00, 0xC0, 0x00, 0x00, 0x00, 0x00}, /* "a", 65 */
    {0x00, 0x00, 0x00, 0x00, 0x02, 0x00, 0x00, 0x00, 0x02, 0x00, 0x00, 0x00, 0x03, 0xFF, 0xFF, 0xE0, 0x07, 0xFF, 0xFF, 0xC0, 0x00, 0x01, 0x80, 0xC0, 0x00, 0x02, 0x00, 0x60, 0x00, 0x02, 0x00, 0x20, 0x00, 0x04, 0x00, 0x20, 0x00, 0x04, 0x00, 0x20, 0x00, 0x04, 0x00, 0x20, 0x00, 0x06, 0x00, 0x40, 0x00, 0x03, 0x00, 0xC0, 0x00, 0x01, 0xFF, 0x80, 0x00, 0x00, 0xFE, 0x00, 0x00, 0x00, 0x00, 0x00}, /* "b", 66 */
    {0x00, 0x00, 0x00, 0x00, 0x00, 0x00, 0x00, 0x00, 0x00, 0x00, 0x7E, 0x00, 0x00, 0x01, 0xFF, 0x80, 0x00, 0x03, 0x81, 0xC0, 0x00, 0x02, 0x00, 0x40, 0x00, 0x06, 0x00, 0x20, 0x00, 0x04, 0x00, 0x20, 0x00, 0x04, 0x00, 0x20, 0x00, 0x04, 0x00, 0x20, 0x00, 0x06, 0x00, 0x20, 0x00, 0x03, 0xC0, 0x40, 0x00, 0x01, 0xC0, 0x80, 0x00, 0x00, 0x03, 0x00, 0x00, 0x00, 0x00, 0x00, 0x00, 0x00, 0x00, 0x00}, /* "c", 67 */
    {0x00, 0x00, 0x00, 0x00, 0x00, 0x00, 0x00, 0x00, 0x00, 0x00, 0x7E, 0x00, 0x00, 0x01, 0xFF, 0x80, 0x00, 0x03, 0x80, 0xC0, 0x00, 0x06, 0x00, 0x60, 0x00, 0x04, 0x00, 0x20, 0x00, 0x04, 0x00, 0x20, 0x00, 0x04, 0x00, 0x20, 0x02, 0x04, 0x00, 0x40, 0x02, 0x02, 0x00, 0x80, 0x03, 0xFF, 0xFF, 0xE0, 0x07, 0xFF, 0xFF, 0xC0, 0x00, 0x00, 0x00, 0x40, 0x00, 0x00, 0x00, 0x40, 0x00, 0x00, 0x00, 0x00}, /* "d", 68 */
    {0x00, 0x00, 0x00, 0x00, 0x00, 0x00, 0x00, 0x00, 0x00, 0x00, 0x7E, 0x00, 0x00, 0x01, 0xFF, 0x80, 0x00, 0x03, 0x11, 0xC0, 0x00, 0x02, 0x10, 0x40, 0x00, 0x04, 0x10, 0x60, 0x00, 0x04, 0x10, 0x20, 0x00, 0x04, 0x10, 0x20, 0x00, 0x04, 0x10, 0x20, 0x00, 0x06, 0x10, 0x20, 0x00, 0x03, 0x10, 0x40, 0x00, 0x01, 0xF0, 0xC0, 0x00, 0x00, 0x71, 0x00, 0x00, 0x00, 0x00, 0x00, 0x00, 0x00, 0x00, 0x00}, /* "e", 69 */
    {0x00, 0x00, 0x00, 0x00, 0x00, 0x00, 0x00, 0x00, 0x00, 0x04, 0x00, 0x00, 0x00, 0x04, 0x00, 0x20, 0x00, 0x04, 0x00, 0x20, 0x00, 0x04, 0x00, 0x20, 0x00, 0x7F, 0xFF, 0xE0, 0x01, 0xFF, 0xFF, 0xE0, 0x01, 0x04, 0x00, 0x20, 0x03, 0x04, 0x00, 0x20, 0x02, 0x04, 0x00, 0x20, 0x02, 0x04, 0x00, 0x20, 0x02, 0x04, 0x00, 0x00, 0x02, 0x00, 0x00, 0x00, 0x01, 0xC0, 0x00, 0x00, 0x01, 0xC0, 0x00, 0x00}, /* "f", 70 */
    {0x00, 0x00, 0x00, 0x00, 0x00, 0x00, 0x00, 0x00, 0x00, 0x00, 0x00, 0x1C, 0x00, 0x00, 0xE3, 0x3E, 0x00, 0x03, 0xFF, 0xC2, 0x00, 0x02, 0x0C, 0xC3, 0x00, 0x04, 0x04, 0xC1, 0x00, 0x04, 0x04, 0xC1, 0x00, 0x04, 0x04, 0xC1, 0x00, 0x04, 0x04, 0xC1, 0x00, 0x06, 0x0C, 0xC1, 0x00, 0x03, 0xF8, 0xC3, 0x00, 0x05, 0xF0, 0x62, 0x00, 0x06, 0x00, 0x7E, 0x00, 0x06, 0x00, 0x3C, 0x00, 0x00, 0x00, 0x00}, /* "g", 71 */
    {0x00, 0x00, 0x00, 0x00, 0x02, 0x00, 0x00, 0x20, 0x02, 0x00, 0x00, 0x20, 0x03, 0xFF, 0xFF, 0xE0, 0x07, 0xFF, 0xFF, 0xE0, 0x00, 0x01, 0x00, 0x20, 0x00, 0x02, 0x00, 0x20, 0x00, 0x06, 0x00, 0x00, 0x00, 0x04, 0x00, 0x00, 0x00, 0x04, 0x00, 0x00, 0x00, 0x04, 0x00, 0x20, 0x00, 0x06, 0x00, 0x20, 0x00, 0x03, 0xFF, 0xE0, 0x00, 0x01, 0xFF, 0xE0, 0x00, 0x00, 0x00, 0x20, 0x00, 0x00, 0x00, 0x20}, /* "h", 72 */
    {0x00, 0x00, 0x00, 0x00, 0x00, 0x00, 0x00, 0x00, 0x00, 0x00, 0x00, 0x00, 0x00, 0x04, 0x00, 0x20, 0x00, 0x04, 0x00, 0x20, 0x00, 0x04, 0x00, 0x20, 0x00, 0x04, 0x00, 0x20, 0x03, 0x87, 0xFF, 0xE0, 0x03, 0x8F, 0xFF, 0xE0, 0x03, 0x80, 0x00, 0x20, 0x00, 0x00, 0x00, 0x20, 0x00, 0x00, 0x00, 0x20, 0x00, 0x00, 0x00, 0x20, 0x00, 0x00, 0x00, 0x00, 0x00, 0x00, 0x00, 0x00, 0x00, 0x00, 0x00, 0x00}, /* "i", 73 */
    {0x00, 0x00, 0x00, 0x00, 0x00, 0x00, 0x00, 0x00, 0x00, 0x00, 0x00, 0x00, 0x00, 0x00, 0x00, 0x06, 0x00, 0x00, 0x00, 0x07, 0x00, 0x00, 0x00, 0x01, 0x00, 0x00, 0x00, 0x01, 0x00, 0x04, 0x00, 0x01, 0x00, 0x04, 0x00, 0x01, 0x00, 0x04, 0x00, 0x03, 0x00, 0x04, 0x00, 0x06, 0x03, 0x87, 0xFF, 0xFC, 0x03, 0x8F, 0xFF, 0xF8, 0x03, 0x80, 0x00, 0x00, 0x00, 0x00, 0x00, 0x00, 0x00, 0x00, 0x00, 0x00}, /* "j", 74 */
    {0x00, 0x00, 0x00, 0x00, 0x02, 0x00, 0x00, 0x20, 0x02, 0x00, 0x00, 0x20, 0x03, 0xFF, 0xFF, 0xE0, 0x07, 0xFF, 0xFF, 0xE0, 0x00, 0x00, 0x08, 0x20, 0x00, 0x00, 0x10, 0x20, 0x00, 0x00, 0x30, 0x00, 0x00, 0x00, 0xFC, 0x00, 0x00, 0x05, 0x8E, 0x00, 0x00, 0x07, 0x07, 0xA0, 0x00, 0x06, 0x01, 0xE0, 0x00, 0x04, 0x00, 0xE0, 0x00, 0x04, 0x00, 0x20, 0x00, 0x00, 0x00, 0x20, 0x00, 0x00, 0x00, 0x00}, /* "k", 75 */
    {0x00, 0x00, 0x00, 0x00, 0x00, 0x00, 0x00, 0x00, 0x00, 0x00, 0x00, 0x00, 0x02, 0x00, 0x00, 0x20, 0x02, 0x00, 0x00, 0x20, 0x02, 0x00, 0x00, 0x20, 0x02, 0x00, 0x00, 0x20, 0x03, 0xFF, 0xFF, 0xE0, 0x07, 0xFF, 0xFF, 0xE0, 0x00, 0x00, 0x00, 0x20, 0x00, 0x00, 0x00, 0x20, 0x00, 0x00, 0x00, 0x20, 0x00, 0x00, 0x00, 0x20, 0x00, 0x00, 0x00, 0x00, 0x00, 0x00, 0x00, 0x00, 0x00, 0x00, 0x00, 0x00}, /* "l", 76 */
    {0x00, 0x00, 0x00, 0x00, 0x00, 0x04, 0x00, 0x20, 0x00, 0x07, 0xFF, 0xE0, 0x00, 0x0F, 0xFF, 0xE0, 0x00, 0x02, 0x00, 0x20, 0x00, 0x04, 0x00, 0x00, 0x00, 0x04, 0x00, 0x20, 0x00, 0x07, 0xFF, 0xE0, 0x00, 0x03, 0xFF, 0xE0, 0x00, 0x02, 0x00, 0x20, 0x00, 0x04, 0x00, 0x00, 0x00, 0x04, 0x00, 0x20, 0x00, 0x07, 0xFF, 0xE0, 0x00, 0x03, 0xFF, 0xE0, 0x00, 0x00, 0x00, 0x20, 0x00, 0x00, 0x00, 0x00}, /* "m", 77 */
    {0x00, 0x00, 0x00, 0x00, 0x00, 0x04, 0x00, 0x20, 0x00, 0x04, 0x00, 0x20, 0x00, 0x07, 0xFF, 0xE0, 0x00, 0x0F, 0xFF, 0xE0, 0x00, 0x01, 0x00, 0x20, 0x00, 0x02, 0x00, 0x20, 0x00, 0x02, 0x00, 0x00, 0x00, 0x04, 0x00, 0x00, 0x00, 0x04, 0x00, 0x00, 0x00, 0x04, 0x00, 0x20, 0x00, 0x06, 0x00, 0x20, 0x00, 0x03, 0xFF, 0xE0, 0x00, 0x01, 0xFF, 0xE0, 0x00, 0x00, 0x00, 0x20, 0x00, 0x00, 0x00, 0x20}, /* "n", 78 */
    {0x00, 0x00, 0x00, 0x00, 0x00, 0x00, 0x00, 0x00, 0x00, 0x00, 0x7E, 0x00, 0x00, 0x00, 0xFF, 0x80, 0x00, 0x03, 0x81, 0xC0, 0x00, 0x02, 0x00, 0x40, 0x00, 0x06, 0x00, 0x20, 0x00, 0x04, 0x00, 0x20, 0x00, 0x04, 0x00, 0x20, 0x00, 0x04, 0x00, 0x20, 0x00, 0x06, 0x00, 0x20, 0x00, 0x02, 0x00, 0x40, 0x00, 0x03, 0x81, 0xC0, 0x00, 0x01, 0xFF, 0x80, 0x00, 0x00, 0x7E, 0x00, 0x00, 0x00, 0x00, 0x00}, /* "o", 79 */
    {0x00, 0x00, 0x00, 0x00, 0x00, 0x04, 0x00, 0x01, 0x00, 0x04, 0x00, 0x01, 0x00, 0x07, 0xFF, 0xFF, 0x00, 0x0F, 0xFF, 0xFF, 0x00, 0x01, 0x00, 0xC1, 0x00, 0x02, 0x00, 0x41, 0x00, 0x04, 0x00, 0x20, 0x00, 0x04, 0x00, 0x20, 0x00, 0x04, 0x00, 0x20, 0x00, 0x04, 0x00, 0x20, 0x00, 0x06, 0x00, 0x40, 0x00, 0x03, 0x01, 0xC0, 0x00, 0x01, 0xFF, 0x80, 0x00, 0x00, 0x7E, 0x00, 0x00, 0x00, 0x00, 0x00}, /* "p", 80 */
    {0x00, 0x00, 0x00, 0x00, 0x00, 0x00, 0x00, 0x00, 0x00, 0x00, 0x7E, 0x00, 0x00, 0x01, 0xFF, 0x80, 0x00, 0x03, 0x80, 0xC0, 0x00, 0x02, 0x00, 0x60, 0x00, 0x04, 0x00, 0x20, 0x00, 0x04, 0x00, 0x20, 0x00, 0x04, 0x00, 0x20, 0x00, 0x04, 0x00, 0x20, 0x00, 0x02, 0x00, 0x41, 0x00, 0x03, 0x00, 0xC1, 0x00, 0x03, 0xFF, 0xFF, 0x00, 0x07, 0xFF, 0xFF, 0x00, 0x00, 0x00, 0x01, 0x00, 0x00, 0x00, 0x01}, /* "q", 81 */
    {0x00, 0x00, 0x00, 0x00, 0x00, 0x04, 0x00, 0x20, 0x00, 0x04, 0x00, 0x20, 0x00, 0x04, 0x00, 0x20, 0x00, 0x04, 0x00, 0x20, 0x00, 0x0F, 0xFF, 0xE0, 0x00, 0x0F, 0xFF, 0xE0, 0x00, 0x00, 0xC0, 0x20, 0x00, 0x01, 0x00, 0x20, 0x00, 0x02, 0x00, 0x20, 0x00, 0x06, 0x00, 0x20, 0x00, 0x04, 0x00, 0x00, 0x00, 0x04, 0x00, 0x00, 0x00, 0x07, 0x00, 0x00, 0x00, 0x03, 0x00, 0x00, 0x00, 0x00, 0x00, 0x00}, /* "r", 82 */
    {0x00, 0x00, 0x00, 0x00, 0x00, 0x00, 0x00, 0x00, 0x00, 0x00, 0x03, 0xE0, 0x00, 0x01, 0xC0, 0xE0, 0x00, 0x03, 0xE0, 0x40, 0x00, 0x06, 0x30, 0x20, 0x00, 0x04, 0x30, 0x20, 0x00, 0x04, 0x18, 0x20, 0x00, 0x04, 0x18, 0x20, 0x00, 0x04, 0x18, 0x20, 0x00, 0x04, 0x0C, 0x20, 0x00, 0x02, 0x0C, 0x60, 0x00, 0x03, 0x07, 0xC0, 0x00, 0x07, 0x83, 0x80, 0x00, 0x00, 0x00, 0x00, 0x00, 0x00, 0x00, 0x00}, /* "s", 83 */
    {0x00, 0x00, 0x00, 0x00, 0x00, 0x00, 0x00, 0x00, 0x00, 0x04, 0x00, 0x00, 0x00, 0x04, 0x00, 0x00, 0x00, 0x04, 0x00, 0x00, 0x00, 0x0C, 0x00, 0x00, 0x00, 0x1F, 0xFF, 0x80, 0x00, 0xFF, 0xFF, 0xC0, 0x00, 0x04, 0x00, 0x60, 0x00, 0x04, 0x00, 0x20, 0x00, 0x04, 0x00, 0x20, 0x00, 0x04, 0x00, 0x20, 0x00, 0x04, 0x00, 0x40, 0x00, 0x00, 0x01, 0x80, 0x00, 0x00, 0x00, 0x00, 0x00, 0x00, 0x00, 0x00}, /* "t", 84 */
    {0x00, 0x00, 0x00, 0x00, 0x00, 0x04, 0x00, 0x00, 0x00, 0x04, 0x00, 0x00, 0x00, 0x07, 0xFF, 0x80, 0x00, 0x0F, 0xFF, 0xC0, 0x00, 0x00, 0x00, 0x60, 0x00, 0x00, 0x00, 0x20, 0x00, 0x00, 0x00, 0x20, 0x00, 0x00, 0x00, 0x20, 0x00, 0x00, 0x00, 0x20, 0x00, 0x04, 0x00, 0x40, 0x00, 0x04, 0x00, 0x80, 0x00, 0x07, 0xFF, 0xE0, 0x00, 0x0F, 0xFF, 0xC0, 0x00, 0x00, 0x00, 0x40, 0x00, 0x00, 0x00, 0x40}, /* "u", 85 */
    {0x00, 0x00, 0x00, 0x00, 0x00, 0x04, 0x00, 0x00, 0x00, 0x04, 0x00, 0x00, 0x00, 0x07, 0x80, 0x00, 0x00, 0x07, 0xF0, 0x00, 0x00, 0x04, 0xFE, 0x00, 0x00, 0x04, 0x1F, 0xC0, 0x00, 0x00, 0x03, 0xE0, 0x00, 0x00, 0x03, 0x80, 0x00, 0x00, 0x1C, 0x00, 0x00, 0x04, 0x60, 0x00, 0x00, 0x07, 0x80, 0x00, 0x00, 0x06, 0x00, 0x00, 0x00, 0x04, 0x00, 0x00, 0x00, 0x00, 0x00, 0x00, 0x00, 0x00, 0x00, 0x00}, /* "v", 86 */
    {0x00, 0x04, 0x00, 0x00, 0x00, 0x06, 0x00, 0x00, 0x00, 0x07, 0xC0, 0x00, 0x00, 0x07, 0xFC, 0x00, 0x00, 0x04, 0x3F, 0x80, 0x00, 0x00, 0x03, 0xE0, 0x00, 0x04, 0x0F, 0x80, 0x00, 0x06, 0xF0, 0x00, 0x00, 0x07, 0xF0, 0x00, 0x00, 0x07, 0xFF, 0x80, 0x00, 0x04, 0x0F, 0xE0, 0x00, 0x00, 0x03, 0x80, 0x00, 0x04, 0x3C, 0x00, 0x00, 0x07, 0xC0, 0x00, 0x00, 0x06, 0x00, 0x00, 0x00, 0x04, 0x00, 0x00}, /* "w", 87 */
    {0x00, 0x00, 0x00, 0x00, 0x00, 0x00, 0x00, 0x20, 0x00, 0x04, 0x00, 0x20, 0x00, 0x04, 0x00, 0x60, 0x00, 0x07, 0x00, 0xE0, 0x00, 0x07, 0x83, 0x20, 0x00, 0x07, 0xE6, 0x00, 0x00, 0x04, 0xF8, 0x00, 0x00, 0x00, 0x3C, 0x00, 0x00, 0x04, 0x5E, 0x20, 0x00, 0x05, 0x87, 0xA0, 0x00, 0x06, 0x01, 0xE0, 0x00, 0x04, 0x00, 0x60, 0x00, 0x04, 0x00, 0x20, 0x00, 0x00, 0x00, 0x20, 0x00, 0x00, 0x00, 0x00}, /* "x", 88 */
    {0x00, 0x00, 0x00, 0x00, 0x00, 0x04, 0x00, 0x00, 0x00, 0x04, 0x00, 0x03, 0x00, 0x07, 0x00, 0x03, 0x00, 0x07, 0xE0, 0x01, 0x00, 0x04, 0xF8, 0x01, 0x00, 0x04, 0x1F, 0x02, 0x00, 0x00, 0x07, 0xFC, 0x00, 0x00, 0x00, 0xE0, 0x00, 0x00, 0x07, 0x00, 0x00, 0x04, 0x38, 0x00, 0x00, 0x07, 0xC0, 0x00, 0x00, 0x06, 0x00, 0x00, 0x00, 0x04, 0x00, 0x00, 0x00, 0x04, 0x00, 0x00, 0x00, 0x00, 0x00, 0x00}, /* "y", 89 */
    {0x00, 0x00, 0x00, 0x00, 0x00, 0x00, 0x00, 0x00, 0x00, 0x07, 0x80, 0x60, 0x00, 0x06, 0x00, 0xE0, 0x00, 0x04, 0x03, 0xE0, 0x00, 0x04, 0x07, 0xA0, 0x00, 0x04, 0x0E, 0x20, 0x00, 0x04, 0x3C, 0x20, 0x00, 0x04, 0x70, 0x20, 0x00, 0x05, 0xE0, 0x20, 0x00, 0x07, 0x80, 0x20, 0x00, 0x07, 0x00, 0x60, 0x00, 0x04, 0x00, 0xE0, 0x00, 0x00, 0x03, 0x80, 0x00, 0x00, 0x00, 0x00, 0x00, 0x00, 0x00, 0x00}, /* "z", 90 */
    {0x00, 0x00, 0x00, 0x00, 0x00, 0x00, 0x00, 0x00, 0x00, 0x00, 0x00, 0x00, 0x00, 0x00, 0x00, 0x00, 0x00, 0x00, 0x00, 0x00, 0x00, 0x00, 0x00, 0x00, 0x00, 0x00, 0x00, 0x00, 0x00, 0x00, 0x80, 0x00, 0x00, 0x00, 0x80, 0x00, 0x00, 0x01, 0x40, 0x00, 0x07, 0xFE, 0x3F, 0xF8, 0x08, 0x00, 0x00, 0x04, 0x10, 0x00, 0x00, 0x02, 0x10, 0x00, 0x00, 0x02, 0x00, 0x00, 0x00, 0x00, 0x00, 0x00, 0x00, 0x00}, /* "{", 91 */
    {0x00, 0x00, 0x00, 0x00, 0x00, 0x00, 0x00, 0x00, 0x00, 0x00, 0x00, 0x00, 0x00, 0x00, 0x00, 0x00, 0x00, 0x00, 0x00, 0x00, 0x00, 0x00, 0x00, 0x00, 0x00, 0x00, 0x00, 0x00, 0x00, 0x00, 0x00, 0x00, 0xFF, 0xFF, 0xFF, 0xFF, 0x00, 0x00, 0x00, 0x00, 0x00, 0x00, 0x00, 0x00, 0x00, 0x00, 0x00, 0x00, 0x00, 0x00, 0x00, 0x00, 0x00, 0x00, 0x00, 0x00, 0x00, 0x00, 0x00, 0x00, 0x00, 0x00, 0x00, 0x00}, /* "|", 92 */
    {0x00, 0x00, 0x00, 0x00, 0x00, 0x00, 0x00, 0x00, 0x10, 0x00, 0x00, 0x02, 0x10, 0x00, 0x00, 0x02, 0x08, 0x00, 0x00, 0x04, 0x07, 0xFE, 0x3F, 0xF8, 0x00, 0x01, 0x40, 0x00, 0x00, 0x00, 0x80, 0x00, 0x00, 0x00, 0x80, 0x00, 0x00, 0x00, 0x00, 0x00, 0x00, 0x00, 0x00, 0x00, 0x00, 0x00, 0x00, 0x00, 0x00, 0x00, 0x00, 0x00, 0x00, 0x00, 0x00, 0x00, 0x00, 0x00, 0x00, 0x00, 0x00, 0x00, 0x00, 0x00}, /* "}", 93 */
    {0x00, 0x00, 0x00, 0x00, 0x18, 0x00, 0x00, 0x00, 0x30, 0x00, 0x00, 0x00, 0x40, 0x00, 0x00, 0x00, 0x40, 0x00, 0x00, 0x00, 0x40, 0x00, 0x00, 0x00, 0x20, 0x00, 0x00, 0x00, 0x30, 0x00, 0x00, 0x00, 0x08, 0x00, 0x00, 0x00, 0x04, 0x00, 0x00, 0x00, 0x02, 0x00, 0x00, 0x00, 0x02, 0x00, 0x00, 0x00, 0x02, 0x00, 0x00, 0x00, 0x0C, 0x00, 0x00, 0x00, 0x18, 0x00, 0x00, 0x00, 0x00, 0x00, 0x00, 0x00}, /* "~", 94 */
};




/* ASCII 6×8 点阵，逐行扫描，高位在前，只用高 6 位 */

const unsigned char F6x8[95][8] =
{
    0x00,0x00,0x00,0x00,0x00,0x00,0x00,0x00, // sp
    0x10,0x10,0x10,0x10,0x00,0x10,0x00,0x00, // !
    0x28,0x28,0x28,0x00,0x00,0x00,0x00,0x00, // "
    0x28,0x28,0x7C,0x28,0x7C,0x28,0x28,0x00, // #
    0x10,0x3C,0x50,0x38,0x14,0x78,0x10,0x00, // $
    0x00,0x4C,0x2C,0x10,0x08,0x60,0x60,0x00, // %
    0x30,0x48,0x50,0x20,0x54,0x48,0x34,0x00, // &
    0x30,0x10,0x20,0x00,0x00,0x00,0x00,0x00, // '
    0x08,0x10,0x20,0x20,0x20,0x10,0x08,0x00, // (
    0x20,0x10,0x08,0x08,0x08,0x10,0x20,0x00, // )
    0x00,0x10,0x54,0x38,0x54,0x10,0x00,0x00, // *
    0x00,0x10,0x10,0x7C,0x10,0x10,0x00,0x00, // +
    0x00,0x00,0x00,0x00,0x00,0x18,0x08,0x10, // ,
    0x00,0x00,0x00,0x00,0x7C,0x00,0x00,0x00, // -
    0x00,0x00,0x00,0x00,0x00,0x30,0x30,0x00, // .
    0x00,0x04,0x08,0x10,0x20,0x40,0x00,0x00, // /
    0x38,0x44,0x4C,0x54,0x64,0x44,0x38,0x00, // 0
    0x10,0x30,0x10,0x10,0x10,0x10,0x38,0x00, // 1
    0x38,0x44,0x04,0x08,0x10,0x20,0x7C,0x00, // 2
    0x7C,0x08,0x10,0x08,0x04,0x44,0x38,0x00, // 3
    0x08,0x18,0x28,0x48,0x7C,0x08,0x08,0x00, // 4
    0x7C,0x40,0x78,0x04,0x04,0x44,0x38,0x00, // 5
    0x18,0x20,0x40,0x78,0x44,0x44,0x38,0x00, // 6
    0x7C,0x04,0x08,0x10,0x20,0x20,0x20,0x00, // 7
    0x38,0x44,0x44,0x38,0x44,0x44,0x38,0x00, // 8
    0x38,0x44,0x44,0x3C,0x04,0x08,0x30,0x00, // 9
    0x00,0x30,0x30,0x00,0x30,0x30,0x00,0x00, // :
    0x00,0x30,0x30,0x00,0x30,0x10,0x20,0x00, // ;
    0x08,0x10,0x20,0x40,0x20,0x10,0x08,0x00, // <
    0x00,0x00,0x7C,0x00,0x7C,0x00,0x00,0x00, // =
    0x20,0x10,0x08,0x04,0x08,0x10,0x20,0x00, // >
    0x38,0x44,0x04,0x08,0x10,0x00,0x10,0x00, // ?
    0x38,0x44,0x04,0x34,0x5C,0x44,0x38,0x00, // @
    0x10,0x28,0x44,0x44,0x7C,0x44,0x44,0x00, // A
    0x78,0x44,0x44,0x78,0x44,0x44,0x78,0x00, // B
    0x38,0x44,0x40,0x40,0x40,0x44,0x38,0x00, // C
    0x70,0x48,0x44,0x44,0x44,0x48,0x70,0x00, // D
    0x7C,0x40,0x40,0x78,0x40,0x40,0x7C,0x00, // E
    0x7C,0x40,0x40,0x78,0x40,0x40,0x40,0x00, // F
    0x38,0x44,0x40,0x5C,0x44,0x44,0x3C,0x00, // G
    0x44,0x44,0x44,0x7C,0x44,0x44,0x44,0x00, // H
    0x38,0x10,0x10,0x10,0x10,0x10,0x38,0x00, // I
    0x1C,0x08,0x08,0x08,0x08,0x48,0x30,0x00, // J
    0x44,0x48,0x50,0x60,0x50,0x48,0x44,0x00, // K
    0x40,0x40,0x40,0x40,0x40,0x40,0x7C,0x00, // L
    0x44,0x6C,0x54,0x54,0x44,0x44,0x44,0x00, // M
    0x44,0x44,0x64,0x54,0x4C,0x44,0x44,0x00, // N
    0x38,0x44,0x44,0x44,0x44,0x44,0x38,0x00, // O
    0x78,0x44,0x44,0x78,0x40,0x40,0x40,0x00, // P
    0x38,0x44,0x44,0x44,0x54,0x48,0x34,0x00, // Q
    0x78,0x44,0x44,0x78,0x50,0x48,0x44,0x00, // R
    0x3C,0x40,0x40,0x38,0x04,0x04,0x78,0x00, // S
    0x7C,0x10,0x10,0x10,0x10,0x10,0x10,0x00, // T
    0x44,0x44,0x44,0x44,0x44,0x44,0x38,0x00, // U
    0x44,0x44,0x44,0x44,0x44,0x28,0x10,0x00, // V
    0x44,0x44,0x44,0x54,0x54,0x54,0x28,0x00, // W
    0x44,0x44,0x28,0x10,0x28,0x44,0x44,0x00, // X
    0x44,0x44,0x44,0x28,0x10,0x10,0x10,0x00, // Y
    0x7C,0x04,0x08,0x10,0x20,0x40,0x7C,0x00, // Z
    0x38,0x20,0x20,0x20,0x20,0x20,0x38,0x00, // [
    0x00,0x40,0x20,0x10,0x08,0x04,0x00,0x00, // '\'
    0x38,0x08,0x08,0x08,0x08,0x08,0x38,0x00, // ]
    0x10,0x28,0x44,0x00,0x00,0x00,0x00,0x00, // ^
    0x00,0x00,0x00,0x00,0x00,0x00,0x7C,0x00, // _
    0x20,0x10,0x08,0x00,0x00,0x00,0x00,0x00, // '
    0x00,0x00,0x38,0x04,0x3C,0x44,0x3C,0x00, // a
    0x40,0x40,0x58,0x64,0x44,0x44,0x78,0x00, // b
    0x00,0x00,0x38,0x40,0x40,0x44,0x38,0x00, // c
    0x04,0x04,0x34,0x4C,0x44,0x44,0x3C,0x00, // d
    0x00,0x00,0x38,0x44,0x7C,0x40,0x38,0x00, // e
    0x38,0x24,0x20,0x70,0x20,0x20,0x20,0x00, // f
    0x00,0x00,0x3C,0x44,0x44,0x3C,0x04,0x38, // g
    0x40,0x40,0x58,0x64,0x44,0x44,0x44,0x00, // h
    0x10,0x00,0x30,0x10,0x10,0x10,0x38,0x00, // i
    0x08,0x00,0x18,0x08,0x08,0x08,0x48,0x30, // j
    0x40,0x40,0x48,0x50,0x60,0x50,0x48,0x00, // k
    0x30,0x10,0x10,0x10,0x10,0x10,0x38,0x00, // l
    0x00,0x00,0x68,0x54,0x54,0x44,0x44,0x00, // m
    0x00,0x00,0x58,0x64,0x44,0x44,0x44,0x00, // n
    0x00,0x00,0x38,0x44,0x44,0x44,0x38,0x00, // o
    0x00,0x00,0x58,0x64,0x64,0x58,0x40,0x40, // p
    0x00,0x00,0x34,0x4C,0x4C,0x34,0x04,0x04, // q
    0x00,0x00,0x58,0x64,0x40,0x40,0x40,0x00, // r
    0x00,0x00,0x3C,0x40,0x38,0x04,0x78,0x00, // s
    0x20,0x20,0x70,0x20,0x20,0x24,0x18,0x00, // t
    0x00,0x00,0x44,0x44,0x44,0x4C,0x34,0x00, // u
    0x00,0x00,0x44,0x44,0x44,0x28,0x10,0x00, // v
    0x00,0x00,0x44,0x44,0x54,0x54,0x28,0x00, // w
    0x00,0x00,0x44,0x28,0x10,0x28,0x44,0x00, // x
    0x00,0x00,0x44,0x44,0x44,0x3C,0x04,0x38, // y
    0x00,0x00,0x7C,0x08,0x10,0x20,0x7C,0x00, // z
    0x10,0x20,0x20,0x40,0x20,0x20,0x10,0x00, // {
    0x00,0x10,0x10,0x10,0x10,0x10,0x10,0x00, // |
    0x20,0x10,0x10,0x08,0x10,0x10,0x20,0x00, // }
    0x00,0x00,0x00,0x20,0x54,0x08,0x00,0x00, // ~
};


const unsigned char F8X16[95][16]=	  
{
  0x00,0x00,0x00,0x00,0x00,0x00,0x00,0x00,0x00,0x00,0x00,0x00,0x00,0x00,0x00,0x00,// 0
    0x00,0x00,0x00,0x18,0x18,0x18,0x18,0x18,0x18,0x18,0x00,0x00,0x18,0x18,0x00,0x00,//! 1
    0x00,0x12,0x36,0x24,0x48,0x00,0x00,0x00,0x00,0x00,0x00,0x00,0x00,0x00,0x00,0x00,//" 2
    0x00,0x00,0x00,0x24,0x24,0x24,0xFE,0x48,0x48,0x48,0xFE,0x48,0x48,0x48,0x00,0x00,//# 3
    0x00,0x00,0x10,0x38,0x54,0x54,0x50,0x30,0x1C,0x14,0x14,0x54,0x54,0x38,0x10,0x10,//$ 4
    0x00,0x00,0x00,0x44,0xA4,0xA8,0xA8,0xA8,0x54,0x1A,0x2A,0x2A,0x2A,0x44,0x00,0x00,//% 5
    0x00,0x00,0x00,0x30,0x48,0x48,0x48,0x50,0x6E,0xA4,0x94,0x88,0x89,0x76,0x00,0x00,//& 6
    0x00,0x60,0x60,0x20,0xC0,0x00,0x00,0x00,0x00,0x00,0x00,0x00,0x00,0x00,0x00,0x00,//' 7
    0x00,0x02,0x04,0x08,0x08,0x10,0x10,0x10,0x10,0x10,0x10,0x08,0x08,0x04,0x02,0x00,//( 8
    0x00,0x40,0x20,0x10,0x10,0x08,0x08,0x08,0x08,0x08,0x08,0x10,0x10,0x20,0x40,0x00,//) 9
    0x00,0x00,0x00,0x00,0x10,0x10,0xD6,0x38,0x38,0xD6,0x10,0x10,0x00,0x00,0x00,0x00,//* 10
    0x00,0x00,0x00,0x00,0x10,0x10,0x10,0x10,0xFE,0x10,0x10,0x10,0x10,0x00,0x00,0x00,//+ 11
    0x00,0x00,0x00,0x00,0x00,0x00,0x00,0x00,0x00,0x00,0x00,0x00,0x60,0x60,0x20,0xC0,//, 12
    0x00,0x00,0x00,0x00,0x00,0x00,0x00,0x00,0x7F,0x00,0x00,0x00,0x00,0x00,0x00,0x00,//- 13
    0x00,0x00,0x00,0x00,0x00,0x00,0x00,0x00,0x00,0x00,0x00,0x00,0x60,0x60,0x00,0x00,//. 14
    0x00,0x00,0x01,0x02,0x02,0x04,0x04,0x08,0x08,0x10,0x10,0x20,0x20,0x40,0x40,0x00,/// 15
    0x00,0x00,0x00,0x18,0x24,0x42,0x42,0x42,0x42,0x42,0x42,0x42,0x24,0x18,0x00,0x00,//0 16
    0x00,0x00,0x00,0x10,0x70,0x10,0x10,0x10,0x10,0x10,0x10,0x10,0x10,0x7C,0x00,0x00,//1 17
    0x00,0x00,0x00,0x3C,0x42,0x42,0x42,0x04,0x04,0x08,0x10,0x20,0x42,0x7E,0x00,0x00,//2 18
    0x00,0x00,0x00,0x3C,0x42,0x42,0x04,0x18,0x04,0x02,0x02,0x42,0x44,0x38,0x00,0x00,//3 19
    0x00,0x00,0x00,0x04,0x0C,0x14,0x24,0x24,0x44,0x44,0x7E,0x04,0x04,0x1E,0x00,0x00,//4 20
    0x00,0x00,0x00,0x7E,0x40,0x40,0x40,0x58,0x64,0x02,0x02,0x42,0x44,0x38,0x00,0x00,//5 21
    0x00,0x00,0x00,0x1C,0x24,0x40,0x40,0x58,0x64,0x42,0x42,0x42,0x24,0x18,0x00,0x00,//6 22
    0x00,0x00,0x00,0x7E,0x42,0x44,0x08,0x08,0x10,0x10,0x10,0x10,0x10,0x10,0x00,0x00,//7 23
    0x00,0x00,0x00,0x3C,0x42,0x42,0x42,0x24,0x18,0x24,0x42,0x42,0x42,0x3C,0x00,0x00,//8 24
    0x00,0x00,0x00,0x18,0x24,0x42,0x42,0x42,0x26,0x1A,0x02,0x02,0x24,0x38,0x00,0x00,//9 25
    0x00,0x00,0x00,0x00,0x00,0x00,0x18,0x18,0x00,0x00,0x00,0x00,0x18,0x18,0x00,0x00,//: 26
    0x00,0x00,0x00,0x00,0x00,0x00,0x18,0x18,0x00,0x00,0x00,0x18,0x18,0x08,0x30,0x00,//; 27
    0x00,0x00,0x00,0x02,0x04,0x08,0x10,0x20,0x40,0x20,0x10,0x08,0x04,0x02,0x00,0x00,//< 28
    0x00,0x00,0x00,0x00,0x00,0x00,0xFE,0x00,0x00,0x00,0xFE,0x00,0x00,0x00,0x00,0x00,//= 29
    0x00,0x00,0x00,0x40,0x20,0x10,0x08,0x04,0x02,0x04,0x08,0x10,0x20,0x40,0x00,0x00,//> 30
    0x00,0x00,0x00,0x3C,0x42,0x42,0x62,0x02,0x04,0x08,0x08,0x00,0x18,0x18,0x00,0x00,//? 31
    0x00,0x00,0x00,0x38,0x44,0x5A,0xAA,0xAA,0xAA,0xAA,0xB4,0x42,0x44,0x38,0x00,0x00,//@ 32
    0x00,0x00,0x00,0x10,0x10,0x18,0x28,0x28,0x24,0x3C,0x44,0x42,0x42,0xE7,0x00,0x00,//A 33
    0x00,0x00,0x00,0xF8,0x44,0x44,0x44,0x78,0x44,0x42,0x42,0x42,0x44,0xF8,0x00,0x00,//B 34
    0x00,0x00,0x00,0x3E,0x42,0x42,0x80,0x80,0x80,0x80,0x80,0x42,0x44,0x38,0x00,0x00,//C 35
    0x00,0x00,0x00,0xF8,0x44,0x42,0x42,0x42,0x42,0x42,0x42,0x42,0x44,0xF8,0x00,0x00,//D 36
    0x00,0x00,0x00,0xFE,0x42,0x48,0x48,0x78,0x48,0x48,0x40,0x42,0x42,0xFE,0x00,0x00,//E 37
    0x00,0x00,0x00,0xFE,0x42,0x48,0x48,0x78,0x48,0x48,0x40,0x40,0x40,0xE0,0x00,0x00,//F 38
    0x00,0x00,0x00,0x3C,0x44,0x44,0x80,0x80,0x80,0x8E,0x84,0x44,0x44,0x38,0x00,0x00,//G 39
    0x00,0x00,0x00,0xE7,0x42,0x42,0x42,0x42,0x7E,0x42,0x42,0x42,0x42,0xE7,0x00,0x00,//H 40
    0x00,0x00,0x00,0x7C,0x10,0x10,0x10,0x10,0x10,0x10,0x10,0x10,0x10,0x7C,0x00,0x00,//I 41
    0x00,0x00,0x00,0x3E,0x08,0x08,0x08,0x08,0x08,0x08,0x08,0x08,0x08,0x08,0x88,0xF0,//J 42
    0x00,0x00,0x00,0xEE,0x44,0x48,0x50,0x70,0x50,0x48,0x48,0x44,0x44,0xEE,0x00,0x00,//K 43
    0x00,0x00,0x00,0xE0,0x40,0x40,0x40,0x40,0x40,0x40,0x40,0x40,0x42,0xFE,0x00,0x00,//L 44
    0x00,0x00,0x00,0xEE,0x6C,0x6C,0x6C,0x6C,0x54,0x54,0x54,0x54,0x54,0xD6,0x00,0x00,//M 45
    0x00,0x00,0x00,0xC7,0x62,0x62,0x52,0x52,0x4A,0x4A,0x4A,0x46,0x46,0xE2,0x00,0x00,//N 46
    0x00,0x00,0x00,0x38,0x44,0x82,0x82,0x82,0x82,0x82,0x82,0x82,0x44,0x38,0x00,0x00,//O 47
    0x00,0x00,0x00,0xFC,0x42,0x42,0x42,0x42,0x7C,0x40,0x40,0x40,0x40,0xE0,0x00,0x00,//P 48
    0x00,0x00,0x00,0x38,0x44,0x82,0x82,0x82,0x82,0x82,0xB2,0xCA,0x4C,0x38,0x06,0x00,//Q 49
    0x00,0x00,0x00,0xF8,0x44,0x44,0x44,0x78,0x48,0x48,0x44,0x44,0x42,0xE3,0x00,0x00,//R 50
    0x00,0x00,0x00,0x3E,0x42,0x42,0x40,0x20,0x18,0x04,0x02,0x42,0x42,0x7C,0x00,0x00,//S 51
    0x00,0x00,0x00,0xFE,0x92,0x10,0x10,0x10,0x10,0x10,0x10,0x10,0x10,0x38,0x00,0x00,//T 52
    0x00,0x00,0x00,0xE7,0x42,0x42,0x42,0x42,0x42,0x42,0x42,0x42,0x42,0x3C,0x00,0x00,//U 53
    0x00,0x00,0x00,0xE7,0x42,0x42,0x44,0x24,0x24,0x28,0x28,0x18,0x10,0x10,0x00,0x00,//V 54
    0x00,0x00,0x00,0xD6,0x92,0x92,0x92,0x92,0xAA,0xAA,0x6C,0x44,0x44,0x44,0x00,0x00,//W 55
    0x00,0x00,0x00,0xE7,0x42,0x24,0x24,0x18,0x18,0x18,0x24,0x24,0x42,0xE7,0x00,0x00,//X 56
    0x00,0x00,0x00,0xEE,0x44,0x44,0x28,0x28,0x10,0x10,0x10,0x10,0x10,0x38,0x00,0x00,//Y 57
    0x00,0x00,0x00,0x7E,0x84,0x04,0x08,0x08,0x10,0x20,0x20,0x42,0x42,0xFC,0x00,0x00,//Z 58
    0x00,0x1E,0x10,0x10,0x10,0x10,0x10,0x10,0x10,0x10,0x10,0x10,0x10,0x10,0x1E,0x00,//[ 59
    0x00,0x00,0x40,0x40,0x20,0x20,0x10,0x10,0x08,0x04,0x04,0x02,0x02,0x02,0x01,0x01,//\ 60
    0x00,0x78,0x08,0x08,0x08,0x08,0x08,0x08,0x08,0x08,0x08,0x08,0x08,0x08,0x78,0x00,//] 61
    0x00,0x08,0x14,0x22,0x00,0x00,0x00,0x00,0x00,0x00,0x00,0x00,0x00,0x00,0x00,0x00,//^ 62
    0x00,0x00,0x00,0x00,0x00,0x00,0x00,0x00,0x00,0x00,0x00,0x00,0x00,0x00,0x00,0xFF,//_ 63
    0x00,0x60,0x10,0x00,0x00,0x00,0x00,0x00,0x00,0x00,0x00,0x00,0x00,0x00,0x00,0x00,//` 64
    0x00,0x00,0x00,0x00,0x00,0x00,0x00,0x3C,0x42,0x1E,0x22,0x42,0x42,0x3F,0x00,0x00,//a 65
    0x00,0x00,0x00,0xC0,0x40,0x40,0x40,0x58,0x64,0x42,0x42,0x42,0x64,0x58,0x00,0x00,//b 66
    0x00,0x00,0x00,0x00,0x00,0x00,0x00,0x1C,0x22,0x40,0x40,0x40,0x22,0x1C,0x00,0x00,//c 67
    0x00,0x00,0x00,0x06,0x02,0x02,0x02,0x1E,0x22,0x42,0x42,0x42,0x26,0x1B,0x00,0x00,//d 68
    0x00,0x00,0x00,0x00,0x00,0x00,0x00,0x3C,0x42,0x7E,0x40,0x40,0x42,0x3C,0x00,0x00,//e 69
    0x00,0x00,0x00,0x0F,0x11,0x10,0x10,0x7E,0x10,0x10,0x10,0x10,0x10,0x7C,0x00,0x00,//f 70
    0x00,0x00,0x00,0x00,0x00,0x00,0x00,0x3E,0x44,0x44,0x38,0x40,0x3C,0x42,0x42,0x3C,//g 71
    0x00,0x00,0x00,0xC0,0x40,0x40,0x40,0x5C,0x62,0x42,0x42,0x42,0x42,0xE7,0x00,0x00,//h 72
    0x00,0x00,0x00,0x30,0x30,0x00,0x00,0x70,0x10,0x10,0x10,0x10,0x10,0x7C,0x00,0x00,//i 73
    0x00,0x00,0x00,0x0C,0x0C,0x00,0x00,0x1C,0x04,0x04,0x04,0x04,0x04,0x04,0x44,0x78,//j 74
    0x00,0x00,0x00,0xC0,0x40,0x40,0x40,0x4E,0x48,0x50,0x68,0x48,0x44,0xEE,0x00,0x00,//k 75
    0x00,0x00,0x00,0x70,0x10,0x10,0x10,0x10,0x10,0x10,0x10,0x10,0x10,0x7C,0x00,0x00,//l 76
    0x00,0x00,0x00,0x00,0x00,0x00,0x00,0xF6,0x49,0x49,0x49,0x49,0x49,0xED,0x00,0x00,//m 77
    0x00,0x00,0x00,0x00,0x00,0x00,0x00,0xDC,0x62,0x42,0x42,0x42,0x42,0xE7,0x00,0x00,//n 78
    0x00,0x00,0x00,0x00,0x00,0x00,0x00,0x3C,0x42,0x42,0x42,0x42,0x42,0x3C,0x00,0x00,//o 79
    0x00,0x00,0x00,0x00,0x00,0x00,0x00,0xD8,0x64,0x42,0x42,0x42,0x64,0x58,0x40,0xE0,//p 80
    0x00,0x00,0x00,0x00,0x00,0x00,0x00,0x1E,0x22,0x42,0x42,0x42,0x26,0x1A,0x02,0x07,//q 81
    0x00,0x00,0x00,0x00,0x00,0x00,0x00,0xEE,0x32,0x20,0x20,0x20,0x20,0xF8,0x00,0x00,//r 82
    0x00,0x00,0x00,0x00,0x00,0x00,0x00,0x3E,0x42,0x40,0x3C,0x02,0x42,0x7C,0x00,0x00,//s 83
    0x00,0x00,0x00,0x00,0x00,0x10,0x10,0x7C,0x10,0x10,0x10,0x10,0x10,0x0C,0x00,0x00,//t 84
    0x00,0x00,0x00,0x00,0x00,0x00,0x00,0xC6,0x42,0x42,0x42,0x42,0x46,0x3B,0x00,0x00,//u 85
    0x00,0x00,0x00,0x00,0x00,0x00,0x00,0xE7,0x42,0x24,0x24,0x28,0x10,0x10,0x00,0x00,//v 86
    0x00,0x00,0x00,0x00,0x00,0x00,0x00,0xD7,0x92,0x92,0xAA,0xAA,0x44,0x44,0x00,0x00,//w 87
    0x00,0x00,0x00,0x00,0x00,0x00,0x00,0x6E,0x24,0x18,0x18,0x18,0x24,0x76,0x00,0x00,//x 88
    0x00,0x00,0x00,0x00,0x00,0x00,0x00,0xE7,0x42,0x24,0x24,0x28,0x18,0x10,0x10,0xE0,//y 89
    0x00,0x00,0x00,0x00,0x00,0x00,0x00,0x7E,0x44,0x08,0x10,0x10,0x22,0x7E,0x00,0x00,//z 90
    0x00,0x03,0x04,0x04,0x04,0x04,0x04,0x08,0x04,0x04,0x04,0x04,0x04,0x04,0x03,0x00,//{ 91
    0x08,0x08,0x08,0x08,0x08,0x08,0x08,0x08,0x08,0x08,0x08,0x08,0x08,0x08,0x08,0x08,//| 92
    0x00,0x60,0x10,0x10,0x10,0x10,0x10,0x08,0x10,0x10,0x10,0x10,0x10,0x10,0x60,0x00,//} 93
    0x00,0x00,0x00,0x00,0x00,0x00,0x20,0x52,0x0C,0x00,0x00,0x00,0x00,0x00,0x00,0x00,//~ 94
};








/**
 * @brief       获取汉字点阵数据
 * @param       code  : 当前汉字编码(GBK码)，指向2字节GBK内码的指针
 * @param       mat   : 当前汉字点阵数据存放地址（输出缓冲区）
 * @param       size  : 字体大小（12/16/24）
 * @note        size大小的字体,其点阵数据大小为: (size/8 + ((size%8)?1:0)) * (size) 字节
 *              例如16号字：16/8=2，每行2字节，共16行 → 32字节
 * @retval      无
 */
 void lcd_oled_text_get_hz_mat(unsigned char *code, unsigned char *mat, uint8_t size)
{
    unsigned char qh, ql;          // 分别存储GBK内码的高字节和低字节
    unsigned char i;               // 循环计数器
    unsigned long foffset;         // 该汉字在字库文件中的偏移量（字节）
    uint8_t csize = (size / 8 + ((size % 8) ? 1 : 0)) * (size); /* 计算一个字符点阵所占的字节数 */

    qh = *code;                    // 获取GBK高字节（区码）
    ql = *(++code);                // 指针后移，获取GBK低字节（位码）

    /* 判断是否为合法GBK汉字 */
    if (qh < 0x81 || ql < 0x40 || ql == 0xff || qh == 0xff)     /* 非 常用汉字 */
    {
        /* 非法字符：填充全0（显示为空白） */
        for (i = 0; i < csize; i++)
        {
            *mat++ = 0x00;  /* 填充满格，即不显示任何点 */
        }
        return;     /* 结束访问 */
    }

    /* 计算GBK位码的偏移（核心算法） */
    if (ql < 0x7f)                // 当低位 < 0x7F 时
    {
        ql -= 0x40;               // 减去 0x40
    }
    else                          // 当低位 >= 0x7F 时
    {
        ql -= 0x41;               // 减去 0x41（因为0x7F是保留位）
    }

    qh -= 0x81;                   // 高位减去 0x81（GBK起始区号）
    /*
     * GBK编码排列：每区190个汉字
     * 公式：偏移量 = ((区号 * 190) + 位号) × 每个汉字点阵字节数
     * 此处 qh 已是0-based区号，ql 已是0-based位号
     */
    foffset = ((unsigned long)190 * qh + ql) * csize;   /* 得到字库中的字节偏移量 */

    /* 根据字号从不同的NOR Flash地址读取点阵数据 */
    switch (size)
    {
        case 12:
            /* ftinfo.f12addr：12号字库在NOR Flash中的起始地址 */
            norflash_read_data(mat, foffset + ftinfo.f12addr, csize);
            break;

        case 16:
            /* ftinfo.f16addr：16号字库在NOR Flash中的起始地址 */
            norflash_read_data(mat, foffset + ftinfo.f16addr, csize);
            break;

        case 24:
            /* ftinfo.f24addr：24号字库在NOR Flash中的起始地址 */
            norflash_read_data(mat, foffset + ftinfo.f24addr, csize);
            break;

        /* 其他字号不支持，不做处理（实际调用前已做判断） */
    }
}

/**
 * @brief       显示一个指定大小的汉字
 * @param       x,y   : 汉字的起始坐标（像素）
 * @param       font  : 指向汉字GBK码的指针（2字节）
 * @param       size  : 字体大小（12/16/24）
 * @param       mode  : 显示模式
 * @note        0, 正常显示(不需要显示的点,用LCD背景色填充,即g_back_color)
 * @note        1, 叠加显示(仅显示需要显示的点, 不需要显示的点, 不做处理)
 * @param       color : 字体颜色
 * @retval      无
 */
void lcd_text_show_font(uint16_t x, uint16_t y, uint8_t *font, uint8_t size, uint8_t mode, uint16_t color)
{
    uint8_t temp, t, t1;           // temp：当前字节的点阵数据；t：行循环；t1：位循环
    uint16_t y0 = y;               // 保存起始Y坐标，用于行换行判断
    uint8_t *dzk;                  // 指向点阵数据缓冲区的指针
    uint8_t csize = (size / 8 + ((size % 8) ? 1 : 0)) * (size);     /* 一个字符点阵所占的字节数 */

    /* 检查字号是否支持（只支持12/16/24） */
    if (size != 12 && size != 16 && size != 24 && size != 32)
    {
        return;     /* 不支持的size，直接退出 */
    }

    dzk = mymalloc(SRAM_IN, size);   /* 从内部SRAM内存池申请size字节内存 */

    if (dzk == 0) return;           /* 内存申请失败，直接退出 */

    lcd_oled_text_get_hz_mat(font, dzk, size);   /* 从字库中获取该汉字的点阵数据 */

    /*
     * 点阵数据解析与显示
     * 点阵数据按行存储，每行 size/8 字节
     * 每个字节的8个bit对应一行中的8个像素
     */
    for (t = 0; t < csize; t++)    // 遍历每个字节
    {
        temp = dzk[t];              /* 取当前字节的点阵数据 */

        for (t1 = 0; t1 < 8; t1++) // 遍历字节的8个bit
        {
            if (temp & 0x80)        // 检查最高位是否为1
            {
                /* 最高位为1 → 该像素需要显示 → 画前景色 */
                lcd_draw_point(x, y, color);        /* 画需要显示的点 */
            }
            else if (mode == 0)     /* 如果非叠加模式(即正常模式) */
            {
                /* 最高位为0 → 该像素不需要显示 → 用背景色填充 */
                lcd_draw_point(x, y, g_back_color); /* 填充背景色 */
            }
            /* 叠加模式(mode==1)：位为0时不做任何处理，保留原有像素 */

            temp <<= 1;             // 左移一位，处理下一位
            y++;                    // Y坐标下移一行

            /* 检查是否已绘制完一行 */
            if ((y - y0) == size)   // 当Y坐标偏移量等于字体大小时
            {
                y = y0;             // Y坐标回到行首
                x++;                // X坐标右移一列，准备绘制下一列
                break;              // 跳出当前行的位循环
            }
        }
    }

    myfree(SRAM_IN, dzk);    /* 释放之前申请的内存 */
}

/**
 * @brief       在指定位置开始显示一个字符串（支持中英文混排、自动换行）
 * @param       x,y   : 起始坐标（像素）
 * @param       width : 显示区域宽度（像素），超出自动换行
 * @param       height: 显示区域高度（像素），超出停止显示
 * @param       str   : 要显示的字符串（GBK编码，以'\0'结尾）
 * @param       size  : 字体大小（12/16/24）
 * @param       mode  : 显示模式（0=正常，1=叠加）
 * @param       color : 字体颜色
 * @retval      无
 */
void lcd_text_show_string(uint16_t x, uint16_t y, uint16_t width, uint16_t height, char *str, uint8_t size, uint8_t mode, uint16_t color)
{
    uint16_t x0 = x;               // 保存起始X坐标，用于换行时复位
    uint16_t y0 = y;               // 保存起始Y坐标，用于越界判断
    uint8_t bHz = 0;               // 标记是否正在处理中文（0=英文，1=中文）
    uint8_t *pstr = (uint8_t *)str; /* 指向字符串首地址（无符号类型便于比较） */

    while (*pstr != 0)             /* 遍历字符串，直到遇到结束符'\0' */
    {
        if (!bHz)                  /* 如果当前不是中文模式（即正在处理英文） */
        {
            if (*pstr > 0x80)      /* 如果当前字节 > 0x80 → 这是中文的第一个字节 */
            {
                bHz = 1;           /* 标记为中文模式，下一个字节是中文的低字节 */
            }
            else    /* 当前是英文字符（ASCII < 0x80） */
            {
                /* 检查是否需要换行：英文字符宽度 = size/2 */
                if (x > (x0 + width - size / 2))    /* 当前行剩余宽度不够显示一个英文 */
                {
                    y += size;      // 换行：Y坐标下移一行
                    x = x0;         // X坐标回到起始位置
                }

                /* 检查是否超出显示区域 */
                if (y > (y0 + height - size)) break; /* 越界返回 */

                if (*pstr == 13)   /* 换行符号（回车符 \r，ASCII=13） */
                {
                    y += size;      // 换行
                    x = x0;         // X回到行首
                    pstr++;         // 跳过这个换行符
                }
                else
                {
                    /* 显示一个英文字符（使用LCD的ASCII字符显示函数） */
                    lcd_show_char(x, y, *pstr, size, mode, color);   /* 有效部分写入 */
                }

                pstr++;             /* 指针后移，处理下一个字符 */
                x += size / 2;      /* 英文字符宽度，为汉字宽度的一半 */
            }
        }
        else    /* 当前是中文模式（正在处理中文的第二字节） */
        {
            bHz = 0;    /* 重置中文标记（因为一个中文已处理完毕） */

            /* 检查是否需要换行：中文宽度 = size */
            if (x > (x0 + width - size))        /* 当前行剩余宽度不够显示一个中文 */
            {
                y += size;          // 换行
                x = x0;             // X回到行首
            }

            /* 检查是否超出显示区域 */
            if (y > (y0 + height - size)) break; /* 越界返回 */

            /* 显示这个汉字：pstr指向当前汉字的GBK内码（2字节） */
            lcd_text_show_font(x, y, pstr, size, mode, color); /* 显示这个汉字 */
            pstr += 2;              /* 指针后移2字节，跳过整个汉字的GBK内码 */
            x += size;              /* 下一个字符偏移一个汉字的宽度 */
        }
    }
}

/**
 * @brief       在指定宽度的中间显示字符串（居中显示）
 * @param       x,y   : 区域的起始坐标（左上角）
 * @param       str   : 要显示的字符串
 * @param       size  : 字体大小
 * @param       width : 区域的宽度（像素），字符串将在其中居中
 * @param       color : 字体颜色
 * @retval      无
 * @note        如果字符串长度超过了区域宽度，则自动退回到普通显示模式
 */
void lcd_text_show_string_middle(uint16_t x, uint16_t y, char *str, uint8_t size, uint16_t width, uint16_t color)
{
    uint16_t strlenth = 0;         // 字符串占用的总像素宽度

    /* 计算字符串总宽度：每个字符宽度为 size/2（中英文统一按英文字符宽度估算） */
    strlenth = strlen((const char *)str);  // 获取字符个数
    strlenth *= size / 2;                 // 乘以单字符宽度（近似值）

    /* 判断字符串宽度是否超过显示区域 */
    if (strlenth > width) /* 超过了，无法居中显示 → 退化为普通显示模式 */
    {
        /* 使用普通显示模式（mode=1叠加模式） */
        lcd_text_show_string(x, y, lcddev.width, lcddev.height, str, size, 1, color);
    }
    else
    {
        /* 计算偏移量，使字符串居中：(区域宽度 - 字符串宽度) / 2 */
        strlenth = (width - strlenth) / 2;
        /* 在偏移后的位置显示字符串 */
        lcd_text_show_string(strlenth + x, y, lcddev.width, lcddev.height, str, size, 1, color);
    }
}













